codaeropor,nome,localiza√ßao
R222-61:343,Kings,79 Cambridge Center
L222-37:924,Raven,157 Northridge Point
D222-72:334,Everett,00589 Jenna Circle
Q222-28:997,Logan,303 Kedzie Place
S222-73:598,Schmedeman,32368 Menomonie Road
I222-45:326,Mendota,43 Little Fleur Alley
M222-34:513,South,701 Northport Circle
A222-23:267,Veith,9094 Scofield Pass
A222-61:115,Hanover,035 La Follette Junction
Y222-67:014,Crownhardt,52147 Stoughton Road
Y222-45:669,Farragut,505 Tony Crossing
Z222-78:496,Pawling,279 Lukken Road
Y222-39:041,Bunting,542 Oriole Center
W222-18:032,Buena Vista,95 Buena Vista Plaza
P222-26:597,Fordem,7993 Blue Bill Park Crossing
A222-43:939,Linden,60421 Melrose Street
F222-82:324,Buhler,04812 Sundown Hill
K222-90:537,Charing Cross,7294 Scott Circle
S222-51:579,Hanover,1740 Lakewood Gardens Place
Q222-59:097,Laurel,69 Pierstorff Circle
V222-73:552,Westport,55 Hollow Ridge Point
D222-91:299,Maryland,07737 Northwestern Terrace
H222-14:448,Clove,16 New Castle Street
P222-25:992,Dixon,17 Del Sol Drive
P222-75:400,Clarendon,0590 Cardinal Circle
O222-09:131,Florence,92 Hazelcrest Junction
Z222-69:482,Hoard,59050 Ohio Drive
Z222-68:707,Dahle,48849 Mallard Avenue
C222-81:346,Ilene,6 Del Mar Crossing
V222-95:234,Weeping Birch,1775 Dovetail Plaza
J222-06:199,Schiller,3569 Novick Place
H222-93:785,Ridgeway,018 Corben Avenue
G222-74:747,Brickson Park,52637 Atwood Avenue
K222-33:477,Lotheville,73011 Sullivan Center
X222-41:232,Warner,7 Erie Point
K222-05:578,Utah,19 Browning Pass
V222-54:356,Jenifer,0627 Sommers Avenue
P222-51:298,Shoshone,10 Raven Pass
M222-53:812,Merchant,3936 Commercial Place
X222-76:212,Packers,35 Burning Wood Center
F222-41:560,Hanson,78 Sloan Court
C222-06:492,Cascade,78076 Westend Avenue
Z222-61:811,Merchant,2 Troy Park
Y222-02:332,Corry,13982 Golf Course Drive
H222-54:588,Ohio,172 Del Sol Crossing
Y222-95:355,Sutteridge,0 Trailsway Terrace
R222-07:823,Thackeray,2 Emmet Avenue
L222-74:946,Canary,4 Declaration Terrace
U222-85:397,6th,35 Orin Lane
M222-17:111,Dryden,17 Wayridge Place
F222-61:675,Garrison,6922 Merchant Hill
Q222-00:506,Dixon,0 Stang Circle
M222-34:972,Thackeray,851 Sachs Hill
J222-69:477,Shasta,104 Oakridge Lane
G222-33:900,Hanson,0267 Miller Crossing
V222-03:899,Lakeland,04211 Sloan Point
Z222-82:325,Sommers,7 Anhalt Place
D222-73:387,Homewood,2894 Hazelcrest Place
N222-02:281,Riverside,56577 Gale Center
Q222-32:027,Dapin,87064 Reindahl Junction
S222-71:125,Portage,086 Hintze Trail
X222-14:582,La Follette,558 Schlimgen Crossing
O222-33:164,Hallows,1584 Northridge Park
P222-04:869,Montana,27 Claremont Plaza
U222-27:580,Carberry,96 Maple Center
L222-18:462,Hollow Ridge,52174 Lillian Pass
A222-60:945,Grayhawk,9 Express Street
Q222-96:554,Darwin,35 New Castle Point
V222-99:352,Brickson Park,53259 Bowman Center
K222-11:899,John Wall,495 4th Terrace
B222-61:135,Starling,917 Victoria Park
Y222-68:991,Schurz,117 Tony Place
E222-33:548,La Follette,39 Grim Center
C222-74:159,Elmside,9729 Monument Pass
S222-13:437,Anderson,4255 Crescent Oaks Junction
W222-39:016,Corben,8999 Northfield Avenue
A222-62:304,Mallory,61713 Lunder Center
D222-05:755,Truax,588 Myrtle Pass
V222-58:673,Hallows,589 Gulseth Plaza
R222-73:327,Elka,4600 Duke Park
S222-49:176,Bluestem,7 Rieder Court
P222-42:170,Lotheville,169 Lillian Parkway
P222-56:734,Gulseth,1 Lyons Center
B222-54:593,Morning,0 Sugar Alley
P222-99:610,Bay,998 Meadow Valley Plaza
R222-45:569,Fisk,09008 Declaration Lane
X222-75:021,Northwestern,1 Tennyson Hill
I222-16:601,Oxford,44 Anniversary Road
O222-55:873,Ridgeview,9501 Tennyson Terrace
R222-58:026,Pine View,1726 Derek Place
Y222-43:839,Hooker,982 Vidon Avenue
P222-03:410,Prentice,0220 Sunbrook Alley
N222-92:902,Victoria,70 Scott Center
O222-33:213,Fulton,4 Grayhawk Street
J222-29:941,Meadow Valley,669 Quincy Place
G222-50:985,Swallow,2033 High Crossing Junction
Y222-82:313,Towne,94 Packers Point
W222-93:933,Manley,46101 Melody Hill
D222-12:376,Canary,9 Farmco Crossing
Z222-62:282,Birchwood,32791 Weeping Birch Place
H222-57:278,Blue Bill Park,6 Basil Way
Q222-92:710,Mcbride,82 Blackbird Place
H222-78:523,Northport,7 Petterle Crossing
E222-65:763,Carioca,9552 Morning Court
V222-02:389,Mayer,07 Mesta Terrace
T222-42:422,Annamark,0 Rowland Center
S222-27:964,Continental,002 Autumn Leaf Pass
L222-87:283,Monica,33261 Express Pass
T222-93:870,Grayhawk,5461 Elgar Place
S222-44:104,Londonderry,72 Monument Hill
X222-07:002,Cascade,1921 Pine View Street
K222-41:262,Westend,88 Ridgeview Point
O222-17:069,Dexter,8 School Plaza
P222-75:680,Monterey,938 Hazelcrest Drive
J222-72:364,Crest Line,02 Toban Point
C222-79:732,Annamark,90 Straubel Trail
E222-98:579,Schiller,36813 Lakeland Drive
S222-96:430,Golf Course,0 Tony Place
P222-65:310,Riverside,613 Prentice Park
H222-96:364,Memorial,22097 Mifflin Pass
M222-70:337,Declaration,116 Havey Center
S222-44:589,Summerview,73 Maryland Crossing
V222-87:608,Redwing,5 Bowman Avenue
M222-83:564,Blaine,39973 Mosinee Pass
H222-06:941,Mallory,3 Harper Crossing
V222-52:381,Hoard,154 Brown Parkway
X222-43:648,Mifflin,2 Alpine Park
G222-89:614,Banding,2 Badeau Court
C222-17:061,David,23687 Barby Avenue
O222-83:512,Killdeer,69583 Judy Way
B222-74:098,Old Gate,5988 Brickson Park Drive
O222-89:087,Melby,08901 Hanson Drive
A222-17:229,Village,118 Bultman Place
N222-14:094,Cody,70 Tennyson Court
H222-54:056,Holy Cross,47 Lakewood Road
G222-11:044,Badeau,1 Grim Trail
U222-13:012,Garrison,64 Bonner Road
Q222-20:797,Fremont,79 Vermont Avenue
S222-05:985,Transport,03 Graceland Center
F222-15:366,Elgar,2 Hintze Trail
K222-61:894,North,05283 Scott Circle
M222-67:011,Larry,0 Dottie Court
S222-75:208,Debra,99841 Westerfield Trail
D222-32:872,Hoard,84 Alpine Pass
Y222-38:968,Annamark,631 Summit Junction
P222-27:137,Graceland,33 Messerschmidt Circle
A222-87:159,Gulseth,95129 Vahlen Plaza
U222-19:200,Manufacturers,457 Coolidge Drive
T222-98:342,Maple Wood,9 Grayhawk Crossing
Z222-48:724,Bluejay,9 Rowland Pass
E222-84:782,Garrison,23 Onsgard Street
R222-83:239,Lien,476 Lien Place
A222-79:926,Kennedy,45 Laurel Crossing
Z222-72:585,Dayton,61 Harper Junction
Q222-91:854,Mcguire,59 Hallows Park
R222-85:967,Fallview,9251 Kensington Junction
E222-05:931,Ramsey,914 Charing Cross Terrace
G222-75:378,Mayfield,4 Fremont Avenue
P222-54:071,Buell,93699 Dapin Trail
U222-58:733,Hoepker,555 Warrior Point
S222-31:439,Dryden,21 Rutledge Trail
C222-44:647,Sage,78305 Lotheville Way
W222-26:664,Springs,83 Moulton Alley
N222-85:375,Sommers,73921 Del Sol Center
B222-22:431,Nova,042 Forest Run Avenue
T222-68:140,Vahlen,9862 Basil Way
E222-76:824,Transport,7285 Commercial Crossing
O222-92:044,Forest Run,50 Memorial Circle
S222-99:147,Mendota,29 Gateway Avenue
T222-54:163,Veith,8339 Pearson Road
G222-50:112,Bonner,83 Straubel Lane
K222-64:269,Manufacturers,1 Schmedeman Terrace
Z222-63:915,Westridge,8236 2nd Avenue
F222-42:557,Hauk,47 Cherokee Plaza
S222-83:070,2nd,8171 Artisan Circle
H222-34:436,Arrowood,81126 Veith Avenue
J222-38:770,Florence,612 Scofield Place
N222-68:129,Towne,34723 Nancy Trail
F222-57:847,Fallview,57 Packers Street
S222-86:671,Harbort,9 Ronald Regan Crossing
T222-71:914,Calypso,85 Schiller Center
K222-68:715,Ilene,057 Boyd Street
P222-55:845,Karstens,792 Riverside Drive
I222-09:735,Oneill,35 Sunbrook Road
L222-83:111,Cascade,0 Ramsey Way
H222-60:333,Buhler,2978 Shasta Crossing
Z222-13:983,Pankratz,03116 Ryan Center
Z222-90:983,Mesta,29 Bluejay Way
O222-19:727,Montana,90 Hovde Terrace
Z222-30:902,Oak,69604 Memorial Road
L222-61:556,Prairieview,32 Memorial Center
K222-13:120,Melrose,46 Sauthoff Terrace
O222-95:139,Marcy,8233 Pawling Junction
F222-47:160,Sage,134 5th Avenue
Q222-23:418,5th,2 Valley Edge Alley
N222-23:822,Eliot,6 Rieder Street
E222-91:590,Texas,2985 Milwaukee Alley
B222-95:817,Sunfield,30278 Northwestern Pass
F222-57:029,Utah,0632 Coleman Street
Z222-09:409,Haas,18 Surrey Court
I222-91:874,Grim,006 4th Place
Z222-25:836,7th,18342 Lunder Hill
B222-17:888,Morrow,6998 Bultman Court
T222-99:872,Helena,5240 Farwell Park
N222-28:821,Wayridge,46 Scoville Circle
P222-55:397,Debs,0862 Old Gate Road
V222-36:047,Homewood,54 Superior Way
W222-92:475,Veith,5 Prairie Rose Park
D222-60:555,Dahle,571 Grim Crossing
V222-20:847,Trailsway,94956 Thierer Lane
B222-05:912,Meadow Vale,863 Northridge Drive
F222-64:197,Scott,1480 Wayridge Parkway
V222-10:080,East,032 Bellgrove Way
G222-48:217,Transport,67 Shasta Point
U222-33:407,Emmet,4 Marcy Pass
A222-97:476,Chinook,3 Morrow Circle
S222-26:850,Ruskin,94 Raven Avenue
M222-07:331,Myrtle,9 Cambridge Pass
V222-33:962,Hauk,74 Drewry Terrace
L222-93:765,Union,90 Karstens Place
I222-37:897,3rd,174 Beilfuss Point
X222-88:263,Rusk,2814 Green Terrace
U222-99:306,Anniversary,1 Autumn Leaf Pass
N222-46:666,Debra,9 Ridgeway Junction
Z222-13:096,Spohn,1056 Rockefeller Road
V222-48:249,5th,71154 Bluejay Street
A222-08:829,Bultman,6168 Fordem Street
W222-55:941,Memorial,70 Mariners Cove Plaza
G222-98:896,Stuart,3713 Delladonna Plaza
V222-46:106,Corry,794 Fair Oaks Center
X222-87:284,Golden Leaf,4 Bartillon Place
X222-55:426,Hallows,37679 Bashford Place
Y222-94:333,Leroy,757 Sugar Way
Z222-53:704,1st,576 Acker Drive
R222-50:777,Prairieview,8 Judy Court
T222-07:495,Kingsford,2 Scott Road
W222-28:674,Autumn Leaf,01 Bayside Court
X222-34:925,Emmet,8 West Plaza
M222-98:699,Daystar,6632 Oak Avenue
Y222-19:998,Anderson,46 Coleman Parkway
L222-94:130,Troy,07808 Esch Street
Q222-47:905,Grover,6111 Dunning Plaza
B222-40:153,Hoepker,46979 Basil Place
B222-23:649,Dennis,5914 Loomis Parkway
B222-64:555,Shasta,7 Mcbride Trail
W222-25:482,Rowland,9 Larry Hill
X222-17:111,Vera,77 Scoville Parkway
X222-85:161,Hazelcrest,686 School Parkway
H222-81:498,Bunting,897 Village Green Road
Q222-97:679,Melby,551 Kensington Lane
V222-13:522,Gulseth,61796 Waywood Center
J222-57:407,Maple Wood,343 Toban Place
N222-28:899,Clemons,735 Huxley Way
P222-31:869,Crowley,9763 Delaware Alley
U222-65:306,Mandrake,7 Forest Run Way
A222-87:067,Saint Paul,43332 Claremont Terrace
T222-16:458,Anhalt,0 Hayes Junction
D222-14:002,Maywood,65866 Cottonwood Court
Y222-54:603,Scott,0478 Johnson Parkway
W222-75:195,Menomonie,59048 Drewry Pass
F222-00:844,Independence,62 Boyd Hill
H222-75:859,Heffernan,23392 3rd Court
Y222-56:774,Green Ridge,44 Declaration Alley
N222-08:314,Pearson,69622 Eastlawn Center
H222-12:531,Cody,63330 Westport Drive
X222-04:742,Larry,9553 Sunbrook Way
V222-56:930,Twin Pines,826 Wayridge Street
Q222-73:934,Nova,0 Oak Street
D222-96:697,Hoard,38 Scott Drive
Y222-81:653,Manley,8 American Terrace
Q222-41:201,Carpenter,71192 Forest Dale Street
Z222-35:070,Mallard,15 Banding Point
O222-94:296,Toban,56437 Truax Road
N222-83:314,Iowa,81454 Myrtle Crossing
S222-08:031,Caliangt,942 Lakewood Terrace
U222-48:642,Shelley,0501 Lighthouse Bay Hill
M222-09:448,6th,610 Crescent Oaks Road
U222-78:359,Fallview,78327 Dawn Plaza
O222-24:630,Graedel,788 Ludington Lane
U222-82:012,Sloan,656 Ronald Regan Pass
Q222-36:488,Granby,8 Del Mar Center
S222-55:661,Warbler,2495 Memorial Street
G222-57:257,Mandrake,6755 Barby Terrace
V222-46:599,Waubesa,2103 Elmside Drive
D222-70:625,Homewood,5 Union Road
Y222-34:401,Laurel,97 Pepper Wood Crossing
Y222-78:181,Sullivan,8697 Loftsgordon Pass
B222-90:708,Sommers,943 Bay Lane
W222-27:861,Bluejay,971 Hauk Park
G222-94:544,Calypso,9 West Junction
X222-08:394,Cottonwood,49 Buell Terrace
S222-27:205,Bartelt,5 Prentice Terrace
E222-33:885,Packers,87435 Thompson Junction
Z222-97:496,Rieder,898 Hintze Court
Y222-31:476,Myrtle,0613 Onsgard Parkway
U222-71:106,Mccormick,65434 Cody Circle
X222-39:463,Trailsway,7 3rd Parkway
O222-43:309,Bunker Hill,91044 Sage Terrace
E222-62:219,Katie,4 Rusk Hill
S222-58:572,Ohio,1 Cardinal Avenue
H222-77:347,Gina,57487 Sachtjen Junction
I222-00:953,Onsgard,2356 Monica Pass
W222-23:437,Ohio,95010 Nobel Road
R222-15:812,Morning,0 Karstens Trail
V222-41:200,Canary,6 Continental Pass
V222-12:034,Gina,6 Dahle Alley
H222-04:876,Dryden,84455 Prairie Rose Street
Z222-12:994,Havey,185 Moulton Plaza
G222-23:279,Dovetail,2 Welch Plaza
A222-49:395,Meadow Ridge,035 Ridgeway Drive
Q222-00:136,Sycamore,32401 Northport Point
A222-87:847,Old Shore,16586 Holmberg Crossing
J222-81:628,Pawling,869 Hazelcrest Court
G222-69:592,Sutherland,01 American Ash Center
R222-06:843,Crowley,82111 Hazelcrest Way
G222-04:833,Fieldstone,888 Mcguire Drive
B222-31:126,Morningstar,60 Ryan Drive
E222-70:382,Fisk,956 Mallard Road
C222-69:569,Paget,3907 Northfield Road
C222-22:015,Acker,99454 Mccormick Trail
V222-77:278,Cody,68017 Green Ridge Place
F222-45:796,Sullivan,4 Fieldstone Lane
X222-22:653,Upham,80256 Nancy Trail
A222-51:613,8th,328 Ruskin Avenue
W222-99:235,Grayhawk,62 Pawling Crossing
N222-18:774,Mayer,8391 Mayer Street
Y222-38:696,Lighthouse Bay,0 Upham Alley
O222-62:608,Evergreen,544 Brown Drive
Q222-17:226,Tennessee,7 Superior Trail
M222-13:289,Little Fleur,416 Mcguire Junction
S222-20:372,Graceland,4154 Thompson Crossing
N222-05:043,Drewry,9860 Northport Road
L222-92:279,Meadow Valley,289 Farragut Way
J222-83:633,Oak Valley,2452 Arapahoe Pass
L222-79:326,1st,37 Crowley Hill
W222-16:076,Carey,0693 Hayes Place
U222-07:467,Schiller,6 Kropf Plaza
X222-63:058,Lotheville,933 Di Loreto Crossing
J222-38:503,Killdeer,466 Melody Park
O222-82:928,John Wall,6 Morningstar Hill
P222-91:589,1st,4 Talmadge Drive
H222-21:775,Steensland,8032 Fair Oaks Park
B222-78:847,Mifflin,41822 Anderson Plaza
T222-70:885,Forest Dale,3 Surrey Junction
I222-19:668,Corry,7678 Red Cloud Hill
K222-49:706,Loeprich,4987 Mandrake Hill
F222-26:018,Sutteridge,6 Muir Court
T222-93:599,Rowland,377 Lillian Plaza
K222-85:947,Pine View,56708 Lake View Plaza
A222-79:003,Gale,445 Troy Lane
F222-77:756,Westend,61 Atwood Terrace
S222-96:812,Towne,82 Lakewood Gardens Circle
O222-25:342,Kropf,130 Straubel Drive
Q222-29:643,Eggendart,41184 Monica Street
J222-09:347,Bluestem,50 Sycamore Center
T222-62:282,Menomonie,3145 Emmet Crossing
W222-97:238,Holy Cross,0434 Hintze Pass
K222-13:893,Farmco,1 Daystar Avenue
R222-85:605,Arkansas,14 Sycamore Park
X222-33:168,Moose,80385 Buell Center
P222-61:272,Meadow Ridge,7722 8th Terrace
L222-05:452,Caliangt,7 Leroy Center
N222-37:246,Mayfield,02 Warner Point
A222-17:644,Talisman,6191 Jenna Trail
W222-57:197,Emmet,2 Coleman Court
D222-91:338,Forster,677 Melody Terrace
D222-07:063,Daystar,056 Sage Drive
Y222-98:316,Gulseth,412 Lake View Road
Y222-52:128,Pleasure,89602 Golf Course Terrace
D222-63:400,Comanche,12 Westport Terrace
S222-71:183,Del Mar,82420 Summer Ridge Point
K222-45:143,Stuart,98119 Butternut Pass
R222-77:558,Maple,89572 Rigney Road
Z222-61:408,Bay,0909 Carpenter Center
U222-87:994,Brickson Park,6264 Meadow Valley Road
G222-02:173,Warner,862 Dahle Road
P222-08:190,Florence,0 Nobel Terrace
R222-92:557,Carpenter,3722 Tennyson Trail
U222-14:035,Eagle Crest,0613 Comanche Plaza
F222-00:438,Mockingbird,95620 Ramsey Avenue
Z222-49:804,Ronald Regan,8 Pleasure Trail
J222-68:218,Transport,49501 Gulseth Drive
K222-91:759,Transport,8 Superior Circle
R222-38:812,Eagle Crest,603 North Place
W222-54:420,Sherman,78 Stuart Center
N222-03:122,Almo,00823 Aberg Trail
J222-12:222,Arizona,9 Mendota Avenue
J222-13:058,Judy,9500 Golf View Hill
A222-99:637,Cordelia,3748 Canary Hill
O222-65:845,Springview,613 Petterle Junction
A222-81:953,Independence,84 Mayfield Parkway
U222-47:398,Main,1442 Fremont Terrace
S222-26:620,Sachs,36937 Northridge Point
U222-21:544,Starling,417 Aberg Plaza
A222-57:796,Knutson,6 Maple Wood Junction
Q222-94:671,Buhler,074 Petterle Junction
K222-75:609,Chinook,061 Schlimgen Pass
P222-58:975,Shoshone,51 8th Avenue
R222-48:668,Namekagon,0522 Eagan Street
G222-53:768,Claremont,88741 Algoma Junction
I222-05:614,Linden,1012 Fremont Pass
V222-37:946,Hoard,98 Crest Line Trail
C222-95:267,Old Gate,25618 Butternut Point
T222-27:550,Commercial,979 Hermina Terrace
F222-38:238,Transport,06 Dottie Way
F222-76:999,Nobel,9174 Spaight Place
S222-83:950,Hooker,117 Oak Road
K222-68:341,Vera,72654 Melody Hill
F222-82:688,Anthes,02151 Park Meadow Crossing
Q222-15:496,Forest,35 Havey Lane
A222-35:413,Memorial,04 Nevada Avenue
U222-37:332,Mockingbird,98 Lyons Center
F222-42:637,Dennis,898 Bowman Junction
K222-39:804,Bowman,72608 Vahlen Avenue
A222-92:316,Holmberg,6 Miller Road
O222-11:757,Russell,569 Scoville Drive
B222-46:039,Quincy,2158 Cambridge Drive
R222-21:737,Del Sol,14555 Troy Circle
N222-64:143,Raven,37942 Eagle Crest Parkway
M222-68:661,Sundown,2432 Shoshone Pass
E222-81:545,Harbort,96 Meadow Ridge Hill
D222-18:298,Dahle,9503 Kenwood Center
L222-01:320,Schiller,0592 Shelley Way
Y222-18:751,High Crossing,9 Warrior Crossing
L222-44:518,Steensland,669 Muir Alley
N222-89:701,Lakewood,381 Magdeline Avenue
Q222-11:273,Basil,843 Old Gate Park
G222-34:590,Blue Bill Park,611 Arapahoe Court
Q222-70:614,South,70653 Harbort Road
K222-44:603,High Crossing,15 Heath Drive
I222-30:964,Hooker,0042 Barby Plaza
J222-12:279,Chive,54034 Quincy Park
R222-84:192,Northland,911 Lawn Point
K222-88:489,Jenifer,4 Katie Court
F222-90:522,Surrey,46121 Troy Place
R222-55:526,Barby,994 Oriole Lane
W222-50:275,Maple,18 Sloan Crossing
B222-83:286,Elgar,0 Victoria Plaza
O222-10:490,Carpenter,8073 Michigan Circle
O222-25:021,Crescent Oaks,26 Buell Center
C222-62:775,Roxbury,81 Oak Way
W222-52:677,Rowland,22 Prairie Rose Alley
G222-29:545,Dayton,03284 Kensington Court
A222-25:671,Goodland,36222 Londonderry Trail
W222-62:800,Tennyson,00042 Bunker Hill Street
D222-64:532,Derek,1 Oak Valley Parkway
A222-59:716,Eliot,210 Anniversary Road
U222-88:465,Debs,0924 Toban Avenue
E222-56:774,Pond,4411 Cherokee Lane
U222-82:999,Rutledge,48 Sloan Hill
Q222-28:278,Westend,0 Bashford Park
B222-05:283,Marquette,65 Prairieview Lane
O222-52:177,Fairfield,8 Colorado Hill
R222-67:201,Brown,76013 Chive Road
X222-37:478,Schmedeman,93 Lawn Avenue
U222-48:467,Clemons,40 Bayside Terrace
L222-86:029,Lighthouse Bay,0 Toban Place
H222-77:908,Corscot,22112 Charing Cross Drive
C222-02:906,Coleman,8 Service Road
K222-29:954,Green,5 Victoria Court
J222-62:903,4th,97075 Carberry Avenue
W222-04:031,Transport,91 Village Lane
R222-77:521,1st,4252 Dakota Court
S222-01:749,Redwing,20 Village Green Avenue
X222-36:597,Village Green,1865 Mcbride Trail
G222-66:478,Mallory,693 Eastlawn Trail
G222-78:232,Moulton,1 Fairview Street
A222-34:420,Holmberg,7636 Anniversary Drive
H222-11:781,Starling,7 Old Shore Lane
I222-08:599,Crest Line,64 Grover Terrace
Q222-93:848,Thompson,801 Continental Parkway
T222-67:793,Bowman,6 Anthes Terrace
B222-29:787,Lakewood Gardens,74 Redwing Drive
X222-66:118,Mandrake,61 Anhalt Plaza
L222-17:403,Golf,2327 Ryan Place
D222-23:637,Marcy,38 Fordem Lane
S222-29:665,Arizona,08027 Prentice Alley
P222-88:757,Myrtle,0 Service Trail
S222-81:289,Carey,1 Sycamore Drive
G222-13:682,Warbler,2145 Farwell Road
H222-33:880,Barnett,243 Aberg Crossing
Z222-47:472,Melvin,65 Lukken Park
V222-71:778,Badeau,14 Debs Lane
A222-55:184,Parkside,33258 School Parkway
Q222-11:967,Luster,05 Fordem Way
U222-11:020,Farragut,0843 Sage Alley
E222-10:206,Longview,64452 Grover Road
M222-74:913,Sycamore,4 Basil Avenue
F222-17:242,Forest Run,447 Waxwing Drive
R222-62:165,Ronald Regan,7 Heath Point
C222-13:505,Corry,5968 Bay Trail
M222-82:535,Waywood,75759 Thierer Lane
I222-36:428,Manufacturers,91 Express Circle
C222-82:536,Blue Bill Park,0512 Paget Crossing
H222-71:620,Clarendon,19903 Mallory Circle
E222-88:592,Shelley,21103 Stone Corner Street
D222-75:309,Buell,970 Rockefeller Point
W222-42:939,Stuart,96 Kennedy Circle
U222-97:814,Lakeland,40100 Declaration Place
L222-40:534,Stephen,22 Prentice Avenue
U222-39:717,Garrison,091 Nobel Avenue
M222-41:163,Maryland,47715 Buena Vista Junction
B222-43:598,Thackeray,1 Carberry Alley
E222-28:130,Brown,81992 Pankratz Place
G222-48:742,Independence,439 Emmet Hill
G222-29:892,Weeping Birch,9263 Milwaukee Point
M222-21:057,Butternut,016 Logan Park
G222-33:982,Blackbird,57639 Loftsgordon Crossing
F222-20:166,Bluestem,5839 Annamark Trail
V222-16:369,Lerdahl,74 Evergreen Lane
R222-00:705,Valley Edge,07 Orin Way
F222-65:676,Butterfield,57364 Aberg Parkway
W222-92:607,Lake View,063 Sunbrook Drive
D222-39:458,Hayes,94 Sherman Street
G222-09:354,Crowley,40 Mosinee Terrace
H222-81:757,Moland,86604 Chinook Terrace
V222-47:590,Sugar,3 Independence Terrace
Z222-41:655,Dayton,74216 Muir Trail
K222-32:409,Upham,115 Village Court
D222-33:071,Stephen,208 Pond Street
K222-66:077,Maple Wood,571 Thackeray Parkway
P222-05:677,John Wall,82435 Del Sol Court
D222-94:935,Weeping Birch,02574 Bartillon Drive
G222-91:051,Hintze,6 East Center
E222-38:397,Carey,752 Vidon Lane
R222-92:286,Harper,2 Lindbergh Plaza
C222-55:896,Village Green,1371 Kensington Alley
I222-40:509,Bayside,2 Sage Park
K222-26:929,Hayes,794 Division Circle
Z222-95:599,Continental,25 Truax Point
Y222-51:921,Charing Cross,8511 Grim Avenue
T222-29:328,Hauk,0 Pine View Lane
M222-36:827,Cottonwood,93530 Heffernan Point
K222-34:308,Steensland,10 Maple Road
M222-27:069,Northwestern,3 Springs Terrace
U222-96:425,Jenifer,99030 Center Crossing
E222-60:672,Dorton,142 Mayfield Pass
P222-81:289,Bluejay,28 Pleasure Place
Y222-24:601,Packers,65 Golf Road
Y222-58:004,Ilene,0 Graedel Plaza
Y222-03:968,Dwight,0598 Lerdahl Road
R222-29:383,Veith,8015 Eastlawn Hill
M222-48:817,Comanche,54 Oxford Way
O222-42:898,Namekagon,18724 Sunnyside Junction
U222-79:990,Northport,66 Nancy Pass
X222-33:539,Texas,232 Bay Circle
S222-52:596,Dovetail,450 6th Street
L222-82:776,5th,2909 Havey Hill
K222-60:613,Northridge,2347 Clemons Junction
X222-76:005,Cambridge,11581 Ryan Road
O222-37:208,Bonner,27 Crest Line Point
W222-97:191,Center,025 Bowman Alley
R222-84:029,Clarendon,521 Mosinee Alley
W222-55:061,Di Loreto,51578 Kipling Drive
Q222-12:312,Karstens,3594 Meadow Ridge Avenue
N222-01:214,Springs,51 Stang Plaza
V222-99:475,Leroy,011 Myrtle Avenue
N222-09:701,Hoffman,96 Ilene Trail
G222-73:061,Ruskin,981 Aberg Park
P222-88:274,South,15 Longview Trail
P222-71:098,Anderson,97 Oneill Hill
P222-61:547,Cardinal,728 Tomscot Place
O222-81:676,Eliot,6 Beilfuss Point
U222-54:695,Lawn,23 Glacier Hill Avenue
Z222-67:496,Hintze,4 Debs Lane
N222-53:339,Summit,4102 Park Meadow Junction
Z222-26:015,Victoria,69 Pearson Pass
U222-49:519,Canary,6509 Lien Place
H222-50:582,Westridge,0820 Drewry Way
G222-73:274,Cardinal,9526 Knutson Center
J222-21:812,Florence,6 Northport Point
L222-33:751,High Crossing,85 Rowland Circle
B222-87:475,Twin Pines,450 Forest Dale Street
Q222-07:773,Rowland,01 Division Way
P222-20:409,Fair Oaks,05 Marcy Plaza
H222-55:591,Summerview,2 Laurel Circle
S222-63:733,Bayside,79705 4th Court
D222-95:898,Merry,7711 Shasta Alley
M222-81:335,Bartillon,23 Cambridge Circle
W222-22:008,Dorton,10958 Washington Way
J222-76:006,Florence,8 Hanson Place
R222-46:378,Londonderry,7598 Barby Point
B222-00:064,Nelson,95 Cascade Way
Q222-62:101,Anniversary,7 Dorton Hill
G222-74:989,Summit,4116 Fallview Street
X222-11:554,Meadow Vale,18 Coleman Pass
J222-59:240,Schmedeman,13772 Carberry Center
K222-08:662,Mallory,43823 Lyons Terrace
D222-01:761,Crest Line,9 Vernon Lane
I222-08:335,Fallview,19745 Rutledge Point
M222-27:544,Corben,0 Donald Hill
R222-52:963,Canary,8 Westend Parkway
P222-70:853,Hagan,71 Maywood Point
U222-40:031,Farmco,3867 Spenser Road
M222-62:222,Milwaukee,7 Harbort Park
L222-92:578,Welch,2847 Anderson Plaza
D222-51:448,Lakewood,79303 Springs Road
V222-22:022,Jenifer,91 Gale Parkway
Z222-16:487,Hansons,780 Kropf Trail
Q222-64:044,Namekagon,2860 Heath Crossing
O222-16:258,Warner,02 Russell Alley
V222-63:990,Laurel,71 Colorado Hill
V222-41:981,Eagle Crest,84505 Evergreen Plaza
S222-77:821,Southridge,86119 Springview Pass
Q222-60:425,Truax,9 Drewry Crossing
P222-26:058,Summer Ridge,6444 Almo Street
X222-34:367,Park Meadow,126 Victoria Crossing
E222-45:758,Onsgard,243 Paget Road
E222-25:303,Johnson,510 Cambridge Road
T222-27:445,Aberg,07414 Muir Parkway
J222-13:780,Upham,22295 Mayer Place
R222-10:190,Bunting,36 Luster Point
F222-12:995,Jenna,64 Petterle Junction
H222-72:823,Reindahl,89509 Mandrake Circle
R222-07:588,Victoria,1337 Shasta Hill
A222-03:792,Manufacturers,68 Lerdahl Pass
I222-61:566,Gerald,75244 Longview Circle
P222-44:081,Carpenter,5 Wayridge Terrace
J222-32:971,Fairview,3 Oak Valley Drive
O222-06:472,Lakewood,129 Vernon Terrace
W222-48:747,Evergreen,923 Di Loreto Crossing
P222-33:858,Ludington,44 Susan Crossing
R222-54:874,Hoffman,3256 Atwood Center
Q222-58:040,Pennsylvania,4545 Elmside Parkway
O222-02:035,Claremont,048 Goodland Point
H222-52:015,Hudson,63055 Manitowish Avenue
O222-26:041,Eliot,47 Hansons Court
L222-41:151,Roxbury,3258 Menomonie Plaza
W222-44:907,Basil,68401 Londonderry Road
W222-63:477,Novick,93821 Fieldstone Terrace
U222-54:142,Armistice,46 Manitowish Terrace
F222-13:553,Talmadge,5 Mockingbird Parkway
T222-82:683,Eastlawn,25354 Lillian Plaza
E222-62:825,Melody,81871 Mccormick Circle
V222-59:332,Rowland,2513 Anthes Parkway
K222-74:945,Gateway,645 Oxford Crossing
Y222-90:596,Maryland,06 Vidon Plaza
M222-01:095,Clemons,1 Coolidge Park
L222-57:974,Columbus,98705 8th Road
Y222-04:161,Schiller,2537 North Way
A222-22:290,Ronald Regan,96807 Southridge Trail
R222-26:961,Sachs,20749 Acker Street
W222-99:599,Ridgeway,48 Beilfuss Parkway
B222-20:160,Park Meadow,732 Veith Point
W222-88:385,Longview,6 Schlimgen Pass
U222-84:911,Old Shore,876 Evergreen Plaza
T222-09:590,Karstens,73134 Bonner Lane
X222-79:666,Warner,0552 Rockefeller Crossing
H222-32:028,Toban,15 Dorton Lane
I222-31:795,Golf View,64 Fieldstone Court
Y222-68:112,Wayridge,8250 Tomscot Plaza
Z222-07:667,Acker,3 Northridge Place
E222-90:678,Glacier Hill,93177 Loeprich Avenue
U222-77:915,Waubesa,82 Old Shore Plaza
C222-45:370,West,07 Sunfield Terrace
B222-75:243,Logan,79 Russell Court
R222-65:686,Orin,7611 Manitowish Way
G222-51:879,Hazelcrest,464 Sutteridge Lane
W222-56:896,Lakewood Gardens,1 Rusk Center
R222-92:936,Mayfield,89 Continental Plaza
G222-61:201,Bay,638 Cottonwood Center
N222-35:729,Eagle Crest,1930 Toban Center
S222-37:730,Leroy,42447 Dennis Alley
I222-67:509,Maple Wood,651 Lake View Hill
K222-24:760,Stephen,590 Atwood Circle
V222-58:428,Westridge,065 Esch Center
Z222-10:847,Sunnyside,957 Mendota Way
A222-44:470,Village,583 Harper Point
M222-22:466,Victoria,90 Brentwood Point
Y222-16:971,Killdeer,4616 Tennessee Avenue
B222-03:059,Dapin,96948 Golf View Drive
F222-00:834,Logan,49877 Autumn Leaf Avenue
A222-41:008,Thierer,1 Esker Plaza
I222-32:577,Kennedy,64 Sheridan Circle
I222-74:973,Oriole,5 New Castle Trail
E222-09:670,Cordelia,12520 Prairie Rose Drive
T222-78:065,Rieder,4955 Artisan Lane
U222-07:309,Eggendart,2 4th Point
W222-96:989,Pearson,258 Kedzie Terrace
N222-36:891,Oak,32347 Killdeer Junction
M222-33:122,Schurz,8 Lyons Road
G222-41:077,Hauk,81280 Butterfield Point
W222-24:007,Dexter,9422 Mccormick Junction
K222-33:812,Dayton,9820 Scott Pass
H222-67:273,Southridge,283 Forest Dale Drive
H222-00:730,Knutson,6 Bluestem Trail
U222-44:683,Alpine,538 Walton Road
D222-13:637,Harbort,11 Hoepker Road
I222-15:992,Atwood,09724 Ridgeview Pass
Q222-95:525,Sage,17 Shelley Parkway
H222-62:652,Wayridge,3962 Meadow Valley Alley
N222-04:644,Little Fleur,19 Lerdahl Drive
L222-98:812,Coleman,1 Redwing Crossing
I222-47:695,Upham,085 Portage Circle
J222-38:735,Clove,0 Warner Point
H222-15:921,Pawling,486 Dawn Hill
K222-97:651,Summit,322 Montana Parkway
C222-81:858,Annamark,1 Vidon Court
X222-80:881,Amoth,84342 Grim Park
F222-29:167,Mifflin,39159 Killdeer Point
I222-21:772,Stone Corner,27 Pond Street
W222-89:365,Lillian,449 Mosinee Street
F222-90:672,Buena Vista,629 Katie Trail
E222-71:962,Roxbury,338 Clarendon Street
P222-63:835,Northview,543 Hanson Lane
E222-78:338,American,729 Pankratz Alley
U222-24:244,Monterey,2926 Carberry Place
Y222-42:141,Old Shore,5 Sachtjen Court
O222-75:395,Heath,5606 Lukken Way
A222-74:590,American,9 Daystar Way
F222-03:202,Jenifer,05300 Calypso Hill
R222-91:650,Cody,973 South Court
Y222-08:605,Atwood,735 Butterfield Drive
M222-81:634,Dovetail,23709 Ruskin Junction
F222-73:766,David,77 Dryden Drive
E222-57:535,Becker,7677 Browning Plaza
Q222-29:944,Sloan,52 Northfield Avenue
G222-22:125,Farmco,523 Melrose Park
S222-55:490,Chinook,67015 Orin Alley
F222-88:293,Sundown,2381 Garrison Court
N222-55:644,8th,31 Glendale Point
B222-55:117,Corscot,605 Crownhardt Parkway
U222-20:766,Haas,11730 Buena Vista Crossing
Y222-77:542,Londonderry,654 Hansons Pass
U222-58:680,Oxford,90740 Bartillon Street
B222-57:328,Gerald,5197 Eagle Crest Avenue
H222-06:343,Utah,512 Algoma Alley
I222-46:408,Holmberg,54861 Eastlawn Circle
Z222-18:681,Crowley,68 Arrowood Hill
F222-79:533,Heath,2038 Merchant Terrace
Y222-11:021,Almo,82 Vera Junction
D222-45:098,Heffernan,47576 Butternut Circle
T222-34:169,Meadow Vale,8497 Stone Corner Trail
H222-81:084,Maple,48234 Eastwood Crossing
L222-32:686,Tennyson,17924 Raven Street
D222-12:755,Fairfield,48307 Waxwing Junction
E222-22:305,Fairview,174 Cherokee Drive
W222-76:062,Butterfield,136 Havey Crossing
U222-96:264,Beilfuss,893 Arrowood Parkway
I222-09:304,Mayer,2903 Bowman Place
F222-59:505,Corscot,139 Johnson Pass
S222-87:898,Warrior,96 Steensland Circle
K222-42:355,Rowland,102 Express Plaza
V222-32:388,Corry,782 3rd Park
M222-20:911,Forest Run,96873 Glendale Point
Y222-68:150,Superior,79895 Riverside Plaza
R222-97:791,Summit,9437 Aberg Circle
Z222-80:894,Truax,76032 Manitowish Trail
F222-69:227,Farmco,1 Westridge Road
A222-01:330,Transport,4923 Laurel Center
J222-56:747,Holmberg,3 Bay Crossing
U222-61:092,Butternut,60 Hazelcrest Drive
L222-32:047,Del Sol,4059 Farwell Court
J222-78:435,Blackbird,73597 Pepper Wood Lane
G222-88:174,Nobel,7 Main Court
R222-13:487,Comanche,03 Mcguire Street
C222-77:359,Mendota,1 Meadow Valley Hill
Z222-36:729,Larry,711 Green Ridge Place
V222-09:274,La Follette,7 Chinook Avenue
R222-25:010,Tennessee,593 Oakridge Street
Z222-19:343,Novick,5954 Schlimgen Avenue
J222-38:074,Becker,6139 Algoma Court
E222-43:233,Chinook,204 Chinook Center
J222-14:838,Mockingbird,4 Cottonwood Hill
Q222-87:954,Summer Ridge,3125 Granby Place
R222-09:548,Clarendon,4266 Longview Avenue
A222-67:197,Fuller,7 Oneill Terrace
Q222-41:320,Golf,06978 Loftsgordon Street
R222-88:028,Melody,1046 Lien Way
Z222-68:275,Bultman,48 Golden Leaf Plaza
G222-96:250,Mccormick,13841 Tennyson Plaza
T222-82:658,Sauthoff,44 Granby Court
K222-99:141,Summerview,78 Gale Crossing
F222-47:523,Heffernan,9 Northridge Avenue
O222-04:445,Iowa,4 Clemons Crossing
J222-84:434,Duke,81 Mallard Drive
A222-25:890,Lindbergh,4 Manufacturers Trail
T222-72:441,Kings,169 Cottonwood Place
X222-67:977,Tennessee,06975 Sugar Alley
U222-86:455,Manley,61 Vermont Terrace
K222-46:335,Sunnyside,4948 High Crossing Place
M222-65:573,Grayhawk,779 East Way
O222-27:486,Manitowish,38 Crest Line Parkway
Q222-41:055,Forster,2129 Pepper Wood Road
W222-58:568,Division,668 Raven Hill
U222-01:311,Heath,551 Westridge Circle
F222-28:803,Redwing,8515 Scofield Terrace
N222-97:724,Lukken,10764 Merrick Point
S222-31:830,Cambridge,613 Clove Plaza
F222-59:494,Duke,59 Wayridge Point
L222-75:236,Orin,43781 Village Road
Q222-15:475,Bultman,67115 Walton Trail
U222-82:535,Walton,7068 Sachtjen Crossing
F222-01:386,Farwell,9225 Westend Point
B222-12:786,Steensland,0899 Portage Trail
Z222-25:049,Prentice,5 Northport Trail
T222-77:478,Marcy,500 Thompson Plaza
P222-63:844,Dryden,2971 Waywood Way
W222-59:035,Boyd,437 Bartillon Park
X222-09:257,Doe Crossing,3830 Melrose Park
D222-82:391,Pond,0598 Pleasure Junction
R222-85:724,Pawling,99311 Beilfuss Court
S222-84:694,Lerdahl,2595 Helena Junction
H222-86:004,Glendale,7 Elgar Pass
M222-48:743,Sachs,41165 Welch Alley
H222-72:085,Melody,343 Utah Trail
N222-19:415,Continental,02998 Hoepker Drive
F222-79:799,Clove,6125 Monterey Parkway
Q222-77:170,Arapahoe,2 Northwestern Point
J222-24:958,Merry,7502 Golden Leaf Parkway
T222-90:375,Brickson Park,43 Jay Alley
K222-51:651,Bowman,8593 Messerschmidt Alley
Z222-52:083,Bashford,6389 Calypso Terrace
D222-30:271,Toban,6420 Trailsway Hill
K222-43:634,Luster,5762 Fordem Avenue
B222-66:178,Meadow Vale,3 Gateway Plaza
D222-52:172,Merrick,68 Cottonwood Circle
L222-29:277,Holmberg,88 Tony Avenue
A222-57:060,Lunder,5 Forest Dale Trail
Z222-59:998,Graceland,693 Laurel Park
E222-46:703,Annamark,13564 Walton Trail
X222-19:318,Loomis,13 Manufacturers Place
K222-35:993,David,3 Sycamore Center
X222-73:769,Ronald Regan,44891 Eastlawn Street
I222-33:308,Center,47139 Derek Park
Z222-08:009,Drewry,995 West Drive
D222-46:516,Novick,803 Maywood Avenue
P222-94:796,8th,43 Homewood Avenue
M222-75:426,Anhalt,698 Hermina Alley
I222-94:168,David,77 Katie Parkway
M222-06:059,West,88 Northland Drive
V222-87:004,Eastwood,823 Forest Run Road
N222-65:512,Toban,17044 Clemons Parkway
H222-80:426,Quincy,758 Old Gate Street
F222-56:494,Ridgeway,162 Garrison Trail
U222-22:998,Onsgard,8775 Riverside Park
M222-26:633,Cambridge,8 Old Gate Crossing
E222-70:044,Schiller,229 David Parkway
C222-40:482,Oakridge,80808 Scofield Avenue
A222-20:903,Packers,6694 Spaight Center
W222-52:268,Old Shore,78 Cambridge Alley
V222-52:805,Warner,26 Golf Way
R222-12:153,Melody,1 Springs Trail
T222-27:254,Golf,108 Packers Street
J222-59:053,Golden Leaf,44211 Sugar Avenue
K222-71:490,Gina,0 Schurz Way
M222-25:517,Moose,3324 Doe Crossing Circle
M222-80:215,Sycamore,22 Anhalt Circle
V222-50:990,Meadow Ridge,36 Hayes Lane
Q222-47:962,Swallow,33070 Glendale Junction
D222-40:702,Ludington,904 Ryan Junction
B222-06:535,Melrose,58 Fairfield Place
F222-18:826,Farmco,3 Huxley Avenue
O222-03:282,Evergreen,05970 Monica Circle
T222-71:635,Shelley,19911 Johnson Crossing
E222-20:878,Anthes,1811 Spenser Trail
I222-81:874,Hovde,5 Fuller Point
P222-31:236,Manitowish,29 Ilene Plaza
X222-25:693,Gerald,1152 Service Hill
Y222-66:738,Holy Cross,178 Veith Drive
E222-61:175,Vermont,70 Sage Center
E222-44:273,Meadow Ridge,90304 Elka Plaza
H222-67:425,Gale,3800 Sunbrook Alley
E222-19:621,Nobel,84967 Corscot Lane
B222-86:555,Talisman,3 Oak Trail
V222-73:951,Calypso,62651 Rigney Trail
T222-90:330,Havey,87167 Longview Terrace
M222-70:795,Burning Wood,061 Oakridge Crossing
H222-92:085,Clove,621 Merrick Hill
J222-91:995,Michigan,30 Quincy Court
L222-22:297,Eastwood,4821 Warbler Parkway
F222-57:927,Steensland,2728 Leroy Avenue
O222-21:873,Atwood,5 Schmedeman Road
Q222-04:047,Forest Dale,8 Transport Avenue
T222-93:553,High Crossing,8 Kedzie Street
H222-33:934,Briar Crest,2045 Namekagon Alley
A222-56:998,Lawn,9003 Harbort Place
D222-46:551,Coleman,71393 Tennessee Avenue
G222-01:320,Loomis,93 Nobel Park
Q222-37:989,Comanche,354 Ludington Parkway
A222-61:719,Warrior,84070 Riverside Place
R222-41:353,Talisman,7248 Victoria Circle
J222-00:999,Oxford,3046 Northview Crossing
D222-93:011,Hauk,938 Moland Court
V222-94:088,Buell,2832 Express Terrace
D222-80:364,Lakewood,27523 Lunder Parkway
I222-67:887,Heath,93726 Jackson Junction
I222-55:862,Sugar,464 Raven Way
T222-02:329,Morning,92235 Spenser Parkway
D222-63:988,Badeau,30071 Atwood Lane
U222-91:266,Glendale,3 Hovde Plaza
W222-83:720,Hayes,594 Declaration Park
R222-32:729,Maywood,807 Arrowood Crossing
C222-70:817,Twin Pines,53 Fieldstone Center
G222-58:018,Crowley,3 Bobwhite Pass
E222-10:815,Paget,52 Warbler Alley
I222-57:454,Rutledge,265 Merry Trail
U222-93:641,Forest,6 Warbler Circle
M222-18:693,Troy,98696 Ryan Terrace
P222-77:186,Norway Maple,61517 Lake View Circle
S222-39:436,Walton,58 Clyde Gallagher Terrace
D222-76:696,Granby,5756 Northridge Place
A222-35:665,Ridgeview,3 Petterle Pass
R222-18:328,Elmside,46 Moland Trail
Y222-37:561,Transport,8 Mallory Point
L222-65:011,Warrior,425 Manley Park
S222-64:855,Dapin,13271 Hazelcrest Way
B222-11:434,Village,8 Merrick Trail
O222-01:223,Karstens,2 Mifflin Crossing
G222-24:729,American Ash,83 Service Street
J222-41:788,Kings,05 Hollow Ridge Avenue
Y222-40:229,Spenser,2 Bayside Plaza
J222-67:699,Montana,573 Ridgeway Circle
F222-37:952,Chinook,9132 Towne Place
J222-15:943,Packers,77 Bellgrove Road
P222-87:553,Sutteridge,681 Almo Hill
Z222-50:520,Eagle Crest,1 Green Drive
H222-23:539,Heffernan,9 Golf View Pass
Y222-17:212,Carey,019 Jackson Center
G222-81:970,South,4178 Barby Center
M222-24:381,Autumn Leaf,30 Tennessee Park
V222-08:091,Twin Pines,64 Northland Terrace
U222-24:062,Dennis,7 Hintze Avenue
K222-75:847,Loeprich,7915 Golf Course Point
Y222-57:726,Rutledge,5254 Schurz Plaza
X222-08:809,Waywood,8 Forster Terrace
M222-50:315,Quincy,21887 Sycamore Circle
Z222-38:546,Sugar,63668 Esch Court
G222-56:971,Susan,84392 Everett Point
T222-46:673,Butterfield,58 Mockingbird Crossing
B222-43:906,1st,82 Coolidge Drive
E222-77:199,Hanson,398 Main Way
D222-42:956,Oxford,570 Lien Street
C222-87:245,Huxley,6 Sage Road
E222-30:011,Westport,718 Spaight Court
F222-01:357,Lakewood,2 John Wall Center
M222-56:395,Luster,222 Maple Wood Park
C222-86:040,Corry,86 Hazelcrest Lane
A222-89:456,Service,3 Red Cloud Alley
J222-05:749,Oriole,7 Judy Road
I222-61:854,Dakota,286 Tennessee Hill
S222-52:865,Memorial,93 Hoard Street
D222-09:038,Sauthoff,78384 Veith Hill
A222-93:000,Erie,466 Vera Road
J222-16:509,Browning,92820 Mosinee Road
N222-43:279,Northport,3851 Park Meadow Hill
D222-68:824,Bonner,47200 Bartelt Avenue
P222-80:347,Golf Course,8399 Arapahoe Terrace
K222-64:242,Sunbrook,490 Nancy Junction
P222-09:696,Nevada,189 Nova Circle
P222-61:183,Stone Corner,9332 Saint Paul Parkway
U222-21:709,Schiller,79 Sheridan Point
Q222-47:894,Old Gate,698 Norway Maple Junction
C222-83:861,Summerview,6 Continental Circle
A222-84:812,Artisan,292 Mandrake Pass
O222-01:087,Ronald Regan,4646 Karstens Crossing
T222-69:961,Holy Cross,435 Ridgeview Pass
D222-06:593,Prairieview,182 Weeping Birch Court
L222-73:682,Lakewood Gardens,409 Steensland Circle
T222-22:093,Talisman,2 Clarendon Road
Y222-34:797,Redwing,27 Sage Avenue
W222-57:341,Havey,75 Shasta Alley
I222-96:297,Boyd,15 Stuart Parkway
C222-97:701,Golf Course,6325 Hoepker Hill
M222-93:232,Butterfield,3551 Moose Trail
M222-71:049,Dryden,15387 Carberry Court
D222-21:659,Fair Oaks,94 Huxley Lane
I222-03:050,Dryden,4 Delaware Hill
N222-13:838,Katie,5 Express Trail
S222-02:427,Pine View,409 Saint Paul Hill
L222-44:438,Brown,33 Anhalt Plaza
Y222-01:504,Arapahoe,91440 Chive Parkway
Y222-50:786,Steensland,48656 Mosinee Place
U222-57:480,Waubesa,14196 Buhler Parkway
Z222-47:778,Hoepker,08087 American Terrace
X222-47:864,Holy Cross,8 Trailsway Junction
O222-15:838,Spohn,267 Maple Court
F222-74:201,Gateway,138 Nevada Lane
E222-50:413,Crescent Oaks,98 Sunnyside Pass
K222-03:726,Amoth,90 Tennyson Drive
W222-04:420,Truax,66587 Blue Bill Park Center
Y222-16:516,Scofield,30 Elgar Hill
D222-73:863,Miller,88740 Kingsford Avenue
V222-20:652,Dennis,0836 Cody Way
R222-85:507,Sachtjen,7528 Gulseth Street
C222-38:308,Fieldstone,63724 Superior Alley
R222-40:338,Bultman,70 Tennessee Drive
I222-56:706,Buhler,55849 Loomis Alley
C222-18:435,Eastwood,3 Lien Trail
M222-49:548,Namekagon,09 Bellgrove Junction
U222-36:426,Sugar,24 Hooker Park
C222-82:368,Sloan,0 Dexter Street
X222-08:815,Mallard,058 Sloan Circle
K222-87:921,Sundown,4 Talisman Point
J222-48:432,Chinook,55 Lake View Pass
P222-23:393,Algoma,749 Kensington Road
D222-41:947,Longview,88 Morning Way
G222-88:411,Pennsylvania,88959 Swallow Circle
E222-13:204,Hauk,2860 Garrison Place
U222-21:198,Kingsford,3822 Corscot Road
