naviao,fabricante,capacidade,tipo
1,Zemlak and Sons,298,Boeing
2,Beatty Group,248,Airbus
3,Koch-Rempel,558,Bombardier
4,Hilll-Howe,221,Airbus
5,Boyer-Murphy,428,Boeing
6,Rath-Paucek,347,Embraer
7,Zboncak-Lemke,406,Embraer
8,Mann-Beier,485,Boeing
9,"Vandervort, Johnson and Johnston",98,Embraer
10,Gutmann-Rogahn,464,Embraer
11,"Langosh, Lebsack and Fisher",209,Airbus
12,Robel-Daniel,556,Embraer
13,Kozey and Sons,255,Boeing
14,Schneider-Donnelly,585,Bombardier
15,Graham-Steuber,133,Boeing
16,"Purdy, Rippin and Klocko",174,Airbus
17,"Ebert, Yundt and Runolfsdottir",244,Embraer
18,Ritchie-Rau,535,Embraer
19,"Predovic, Boyle and Schuppe",435,Airbus
20,Cremin-Spinka,305,Embraer
21,"Schaefer, Mayer and Donnelly",80,Bombardier
22,Rosenbaum-Hagenes,397,Boeing
23,Nolan-Dach,260,Embraer
24,Schimmel-Williamson,597,Airbus
25,"McCullough, Shields and Harber",51,Bombardier
26,"Lowe, Parker and Schneider",514,Embraer
27,Jacobs Group,527,Boeing
28,Harvey Inc,125,Bombardier
29,Jacobi LLC,272,Boeing
30,Baumbach-Crooks,357,Boeing
31,Jones-McLaughlin,223,Embraer
32,Koelpin-Mante,581,Bombardier
33,Mueller-Larson,203,Boeing
34,Hane-Breitenberg,274,Airbus
35,Jakubowski-McCullough,425,Boeing
36,"Kshlerin, Farrell and Simonis",228,Airbus
37,Boyle Inc,443,Airbus
38,"Koepp, Bernhard and Romaguera",567,Bombardier
39,Satterfield-Weber,517,Boeing
40,Murray Inc,116,Airbus
41,"Kuhlman, Harris and Cartwright",349,Bombardier
42,Cummings Group,191,Bombardier
43,Predovic LLC,396,Bombardier
44,Koss-Feeney,331,Airbus
45,Kessler-Koch,223,Boeing
46,Kilback and Sons,551,Airbus
47,"Rutherford, Hauck and Beahan",200,Embraer
48,"Jones, Schuppe and Blanda",576,Airbus
49,"Grant, Fisher and Lockman",158,Airbus
50,Jacobi and Sons,123,Airbus
51,Mante-Kautzer,157,Boeing
52,"Konopelski, Emard and Johnson",43,Bombardier
53,Goodwin LLC,98,Embraer
54,Bode-Kassulke,352,Bombardier
55,"Ankunding, Hartmann and DuBuque",554,Embraer
56,"Balistreri, Walsh and Hilpert",359,Airbus
57,Heaney Group,273,Embraer
58,Lowe-Von,251,Airbus
59,Kshlerin-Crooks,560,Bombardier
60,Harris LLC,450,Bombardier
61,Hayes-Kertzmann,450,Boeing
62,Zemlak-Runolfsson,379,Boeing
63,"Gibson, Terry and Cormier",290,Embraer
64,Heidenreich-Runolfsdottir,83,Bombardier
65,"Beier, Wyman and Murazik",282,Bombardier
66,Gusikowski LLC,110,Airbus
67,"Tillman, Koch and Will",123,Airbus
68,"Renner, Rau and Nitzsche",416,Embraer
69,Zieme-Wuckert,341,Bombardier
70,Nicolas-Wisoky,88,Airbus
71,Williamson Group,109,Embraer
72,"Kirlin, Howell and Toy",528,Embraer
73,"Dietrich, Medhurst and Boyle",282,Embraer
74,Thiel-Wuckert,301,Airbus
75,Gutkowski Inc,587,Bombardier
76,Tillman LLC,549,Boeing
77,"Spinka, Schumm and Farrell",129,Boeing
78,"Krajcik, Quigley and Crona",414,Boeing
79,Runolfsson-O'Reilly,299,Boeing
80,Goldner-Bailey,248,Embraer
81,Hettinger LLC,457,Embraer
82,Runolfsdottir Group,42,Boeing
83,"Powlowski, Bauch and Crooks",485,Embraer
84,Swift-Hane,238,Bombardier
85,Keeling-Glover,439,Bombardier
86,"Hilpert, Waters and Conn",558,Airbus
87,Reynolds-Franecki,350,Bombardier
88,Murazik Group,283,Embraer
89,Reichel Inc,510,Boeing
90,"Hermiston, Jakubowski and Kautzer",545,Airbus
91,"Denesik, Reilly and Bartoletti",555,Embraer
92,Kilback Group,426,Embraer
93,Maggio Group,398,Embraer
94,Murphy-Braun,542,Embraer
95,Nolan-Quitzon,122,Bombardier
96,"Smitham, MacGyver and Miller",480,Boeing
97,Beer-Mueller,34,Embraer
98,Howe and Sons,385,Bombardier
99,O'Keefe-Stoltenberg,235,Airbus
100,"Boyer, Halvorson and Kutch",337,Boeing
101,Windler Inc,523,Airbus
102,Larkin-Grimes,410,Airbus
103,Wehner-Williamson,174,Embraer
104,Feeney and Sons,401,Embraer
105,Kuhic Inc,201,Boeing
106,"Lind, Funk and Rice",458,Bombardier
107,"Bosco, Cole and Macejkovic",293,Bombardier
108,Kuphal-Reichel,438,Bombardier
109,Haley-Donnelly,485,Bombardier
110,"Watsica, Bogisich and Harvey",501,Boeing
111,"Schaefer, Kassulke and Skiles",590,Bombardier
112,Morissette-Ernser,44,Bombardier
113,Sipes-Reichel,44,Embraer
114,Goyette and Sons,438,Boeing
115,Crooks and Sons,412,Embraer
116,"Mosciski, Funk and Lubowitz",402,Embraer
117,Dickinson Inc,529,Airbus
118,Hahn and Sons,560,Embraer
119,Sawayn Group,53,Embraer
120,Smith-Marvin,561,Embraer
121,Gaylord Group,600,Boeing
122,Becker Group,174,Airbus
123,"Fahey, Mayert and Toy",420,Embraer
124,"Leannon, Hermann and Bayer",36,Bombardier
125,Jerde LLC,414,Boeing
126,Rath Inc,299,Bombardier
127,Smitham LLC,233,Embraer
128,Rohan Group,375,Embraer
129,Hegmann-Schroeder,106,Boeing
130,Daugherty-Bauch,192,Embraer
131,Howe-Senger,105,Boeing
132,Reinger LLC,86,Embraer
133,Aufderhar-Ferry,97,Boeing
134,Bosco Inc,518,Boeing
135,Romaguera and Sons,107,Airbus
136,"Schmeler, Pfannerstill and Rath",231,Embraer
137,Quigley-Zemlak,263,Bombardier
138,"Homenick, Ankunding and Tremblay",46,Boeing
139,Crona Group,568,Bombardier
140,Kihn-Brekke,558,Boeing
141,"Gislason, Kling and Schoen",369,Airbus
142,Towne and Sons,66,Embraer
143,"Lang, Osinski and Hamill",106,Bombardier
144,"Jast, Heidenreich and Jast",87,Boeing
145,"Gaylord, Ziemann and Moore",473,Embraer
146,Tremblay-Bernier,118,Bombardier
147,"Johnston, Powlowski and Gottlieb",579,Boeing
148,Pagac LLC,469,Bombardier
149,Botsford and Sons,388,Airbus
150,Luettgen and Sons,115,Airbus
151,Jacobson and Sons,521,Embraer
152,Cartwright-Langworth,218,Embraer
153,Rutherford and Sons,512,Embraer
154,Hahn-Wunsch,401,Embraer
155,"Kutch, Armstrong and Schaden",571,Bombardier
156,"Reichert, Reilly and Heaney",250,Airbus
157,Will-Berge,482,Bombardier
158,Pfannerstill LLC,307,Boeing
159,Dibbert-West,300,Boeing
160,O'Keefe Inc,427,Bombardier
161,"Volkman, Fritsch and Boyle",97,Embraer
162,"Bayer, Blanda and Hamill",539,Airbus
163,Connelly Inc,282,Boeing
164,"Swaniawski, Abernathy and Rutherford",23,Boeing
165,Reinger-Simonis,288,Boeing
166,"Ritchie, D'Amore and Kautzer",553,Embraer
167,Kutch-Hodkiewicz,555,Boeing
168,Green LLC,526,Airbus
169,Crist Group,37,Embraer
170,Gulgowski-Lind,343,Airbus
171,Kemmer-Boyle,90,Bombardier
172,Brakus-Corwin,334,Boeing
173,"Rath, Williamson and Altenwerth",574,Bombardier
174,"Bogisich, Kling and Feil",538,Bombardier
175,"Weber, Moore and Bosco",50,Boeing
176,Bashirian-Romaguera,63,Embraer
177,"Dibbert, Rolfson and Gleason",248,Bombardier
178,Kris LLC,198,Airbus
179,"Wintheiser, Adams and Romaguera",418,Bombardier
180,Pfeffer Group,478,Airbus
181,"Kuphal, Treutel and Schimmel",539,Embraer
182,"Olson, Frami and Steuber",267,Boeing
183,"West, Leffler and Homenick",596,Boeing
184,Bahringer Inc,391,Bombardier
185,Muller-Block,146,Boeing
186,Schmeler-Ritchie,576,Airbus
187,O'Keefe-Wiza,538,Bombardier
188,Smitham-McKenzie,263,Embraer
189,Quitzon Inc,46,Airbus
190,Hickle LLC,86,Boeing
191,"Cormier, Collins and Farrell",39,Airbus
192,Bergnaum-Olson,16,Embraer
193,Langworth-Hermiston,414,Airbus
194,Stroman Inc,11,Boeing
195,Fritsch and Sons,97,Bombardier
196,McKenzie LLC,283,Boeing
197,"Kozey, Grant and Krajcik",173,Boeing
198,Trantow Group,464,Boeing
199,"Miller, Armstrong and Schmidt",393,Airbus
200,"Fisher, Hilll and Becker",240,Embraer
201,"Hane, Cartwright and Rice",266,Boeing
202,Rosenbaum-Lebsack,555,Bombardier
203,"O'Conner, Paucek and Ondricka",244,Boeing
204,Bednar Group,295,Boeing
205,"Muller, Morar and Cruickshank",354,Airbus
206,Haley and Sons,267,Airbus
207,"Bednar, Turner and Goldner",535,Embraer
208,Hermiston Inc,572,Boeing
209,Kessler LLC,149,Embraer
210,"Klein, Ullrich and Paucek",347,Boeing
211,Bernhard and Sons,255,Airbus
212,Gleichner-Feil,57,Bombardier
213,Walter and Sons,44,Airbus
214,"Hilll, Stanton and Torphy",558,Airbus
215,"Lubowitz, Olson and Donnelly",552,Boeing
216,Lindgren-Keebler,28,Airbus
217,"Grant, Feil and Buckridge",440,Bombardier
218,"Smitham, Kutch and Brakus",305,Boeing
219,"Spinka, Kilback and Lebsack",191,Boeing
220,"Quigley, Lesch and Kulas",121,Bombardier
221,"Orn, Ward and Leuschke",145,Embraer
222,Skiles-Williamson,15,Embraer
223,"Will, Dietrich and Pollich",295,Embraer
224,Larkin LLC,71,Boeing
225,"Bahringer, Homenick and Roob",255,Embraer
226,Shields Group,347,Bombardier
227,Rogahn-Haag,128,Boeing
228,Fadel-Schaefer,130,Boeing
229,Hermann-White,321,Airbus
230,Murphy Inc,243,Embraer
231,Bode-Hodkiewicz,507,Airbus
232,Bins Group,485,Boeing
233,Nienow-Hermann,189,Airbus
234,"Baumbach, Klein and Adams",213,Bombardier
235,Volkman and Sons,311,Bombardier
236,"Reinger, Mante and Marvin",74,Boeing
237,Brown Inc,172,Airbus
238,"Pacocha, Watsica and Schowalter",293,Boeing
239,"Collier, Bernhard and Altenwerth",313,Bombardier
240,"Jacobson, Jerde and Deckow",138,Boeing
241,"Runolfsdottir, Homenick and Keeling",23,Airbus
242,Gaylord LLC,403,Bombardier
243,"Considine, Schmeler and Streich",212,Bombardier
244,Douglas-Frami,434,Airbus
245,Runte-Will,305,Embraer
246,"Aufderhar, Macejkovic and Nitzsche",13,Boeing
247,Farrell-Lebsack,341,Embraer
248,Quigley and Sons,489,Boeing
249,Barton Group,372,Airbus
250,Stracke LLC,93,Bombardier
251,Little LLC,235,Boeing
252,Langworth Inc,253,Boeing
253,Greenfelder LLC,216,Airbus
254,"Morar, Schuppe and Lehner",81,Boeing
255,Mills-Stiedemann,124,Bombardier
256,"Harvey, Steuber and Shanahan",390,Airbus
257,Gutkowski LLC,571,Bombardier
258,"Kuvalis, Bogisich and Stiedemann",178,Airbus
259,Hermiston Inc,163,Boeing
260,"Reynolds, Davis and Buckridge",154,Bombardier
261,Ritchie Group,418,Airbus
262,Deckow Inc,282,Bombardier
263,Funk and Sons,15,Boeing
264,"McKenzie, Hand and Beer",328,Embraer
265,"Goodwin, DuBuque and Wolf",229,Bombardier
266,Auer Group,600,Bombardier
267,Abbott-Hoeger,472,Bombardier
268,"Senger, Rath and Hilll",541,Bombardier
269,"Halvorson, Toy and Steuber",206,Boeing
270,Ratke-Gibson,208,Boeing
271,Luettgen-Lehner,91,Boeing
272,Runte Group,494,Bombardier
273,"Goyette, Emard and Swift",168,Bombardier
274,Schmidt-Upton,597,Embraer
275,Jenkins-Harber,130,Embraer
276,Barrows LLC,292,Bombardier
277,Schinner-Lebsack,452,Boeing
278,"Upton, Mayert and Dicki",194,Airbus
279,Boehm-Marvin,431,Embraer
280,Halvorson-Zulauf,260,Airbus
281,Grant-Witting,302,Bombardier
282,Gutkowski Group,525,Embraer
283,"Moore, MacGyver and Crist",32,Bombardier
284,"Hodkiewicz, Tillman and Cartwright",464,Embraer
285,Turcotte LLC,301,Embraer
286,"Hegmann, Moen and Renner",323,Boeing
287,Wunsch-Kovacek,66,Boeing
288,Wisoky Inc,54,Boeing
289,"Deckow, Pouros and Hackett",255,Airbus
290,Hilpert and Sons,529,Bombardier
291,"Reichert, Boehm and Wunsch",416,Bombardier
292,Toy-Hartmann,156,Airbus
293,Herman and Sons,410,Embraer
294,Mraz and Sons,23,Embraer
295,Mueller Inc,535,Embraer
296,McDermott-Johnston,249,Embraer
297,Mosciski and Sons,443,Embraer
298,Fritsch-West,402,Embraer
299,Stehr-Schaden,463,Bombardier
300,Witting Group,237,Boeing
301,Kovacek Group,530,Boeing
302,"Emmerich, Schamberger and Stehr",505,Embraer
303,"Legros, Beier and Lockman",571,Boeing
304,Feeney Inc,154,Bombardier
305,Prohaska LLC,446,Bombardier
306,"Mante, Strosin and Littel",283,Airbus
307,Mueller-O'Hara,121,Boeing
308,Hermiston LLC,370,Boeing
309,Hills-Brekke,166,Embraer
310,"Pacocha, Schulist and Raynor",445,Airbus
311,Williamson-Hane,349,Airbus
312,Considine-Keebler,519,Bombardier
313,Bogan and Sons,475,Airbus
314,"Emard, Heller and Kunde",486,Airbus
315,Kutch-Sporer,500,Airbus
316,"Block, Gibson and Schaefer",502,Airbus
317,Leuschke-Mills,154,Bombardier
318,Dickinson Inc,572,Bombardier
319,"Auer, Wuckert and Swift",308,Airbus
320,Kutch and Sons,565,Embraer
321,Abernathy-Grimes,508,Embraer
322,Flatley Group,404,Boeing
323,Cormier-McGlynn,544,Airbus
324,Upton Inc,282,Bombardier
325,Cassin-Stiedemann,114,Bombardier
326,McKenzie and Sons,47,Airbus
327,Wunsch and Sons,236,Boeing
328,Toy Group,492,Bombardier
329,Gutkowski-Pfannerstill,509,Bombardier
330,"Schumm, Volkman and Kertzmann",107,Embraer
331,Schmidt Group,47,Boeing
332,Mante Group,177,Embraer
333,Towne Inc,85,Boeing
334,Legros-Quitzon,566,Boeing
335,King-White,173,Bombardier
336,"Lebsack, Baumbach and Williamson",34,Embraer
337,Rempel and Sons,277,Airbus
338,"King, Beatty and Balistreri",281,Boeing
339,Hudson-Labadie,61,Embraer
340,Balistreri-Smitham,202,Airbus
341,Feil-Lakin,90,Embraer
342,"Ondricka, Effertz and Blanda",586,Airbus
343,Kautzer-Lang,507,Boeing
344,Langworth LLC,391,Airbus
345,"Conroy, Wehner and Flatley",387,Boeing
346,Tremblay Inc,217,Boeing
347,Nolan-Wisoky,14,Boeing
348,Tromp-Pouros,370,Boeing
349,"Kertzmann, Kilback and Bergstrom",189,Airbus
350,Blick LLC,135,Bombardier
351,"Ferry, Gusikowski and Streich",235,Boeing
352,Hilll-Turner,453,Embraer
353,Osinski-Boyle,26,Bombardier
354,"Torphy, Legros and Dooley",231,Bombardier
355,"Pfannerstill, Carroll and Lehner",521,Boeing
356,"Lynch, Denesik and Bins",361,Embraer
357,"Renner, Mueller and Bergstrom",305,Boeing
358,Roberts and Sons,529,Airbus
359,Franecki LLC,58,Boeing
360,Heller-Labadie,421,Airbus
361,Ferry-Brekke,38,Embraer
362,Runolfsson-Auer,398,Embraer
363,Macejkovic-Johns,202,Embraer
364,Boyer Group,350,Embraer
365,Harber and Sons,214,Boeing
366,Murphy Group,533,Airbus
367,Rutherford-Spencer,555,Airbus
368,Kshlerin Inc,554,Airbus
369,"Ryan, Schulist and Rippin",163,Embraer
370,Jenkins and Sons,77,Airbus
371,Reynolds-Wilkinson,523,Boeing
372,McClure-Hilpert,375,Boeing
373,Welch-Pfeffer,257,Boeing
374,Becker-Davis,258,Airbus
375,Wilderman and Sons,31,Bombardier
376,Braun-Abbott,359,Airbus
377,Baumbach-Kuhn,107,Embraer
378,Morissette-Huels,253,Bombardier
379,"Fay, Pfeffer and Jaskolski",361,Bombardier
380,"Mueller, Bogan and Grimes",348,Embraer
381,Crist LLC,280,Embraer
382,"Adams, Russel and Bartoletti",193,Boeing
383,Cummings Group,33,Embraer
384,Monahan Group,194,Bombardier
385,"Strosin, Bosco and Bosco",595,Bombardier
386,Mertz LLC,63,Boeing
387,"Ernser, Morissette and Schowalter",439,Boeing
388,"Pfannerstill, Nitzsche and Littel",325,Embraer
389,"Bernier, Rosenbaum and Pagac",507,Embraer
390,Kirlin-Torphy,355,Boeing
391,Kunze LLC,98,Boeing
392,"Dach, Nitzsche and Koch",561,Bombardier
393,Luettgen-Leannon,598,Airbus
394,Wuckert LLC,268,Bombardier
395,Olson Group,535,Embraer
396,"Sauer, Green and Daugherty",446,Boeing
397,Osinski-O'Reilly,343,Airbus
398,Shields-Gulgowski,56,Airbus
399,Ernser and Sons,589,Boeing
400,Brekke-Spencer,320,Airbus
401,Howell-Ratke,308,Airbus
402,"Schoen, Mayer and Grimes",412,Boeing
403,Goldner-Mayer,510,Bombardier
404,Doyle-Pfeffer,98,Embraer
405,"Grimes, Aufderhar and Sawayn",162,Airbus
406,Schuppe-Erdman,194,Bombardier
407,"Conroy, Johnson and Konopelski",573,Airbus
408,Walker Inc,275,Airbus
409,Prohaska and Sons,122,Boeing
410,Ruecker and Sons,255,Embraer
411,Keeling-Abshire,593,Boeing
412,"Simonis, Kshlerin and Connelly",407,Bombardier
413,Treutel-Hermiston,58,Embraer
414,"Douglas, Zieme and Kiehn",131,Bombardier
415,Kling LLC,282,Boeing
416,Streich-Streich,221,Airbus
417,Hegmann-Fay,260,Embraer
418,Ferry LLC,256,Airbus
419,"Emmerich, Von and Lowe",457,Airbus
420,"Kilback, Cruickshank and Stokes",89,Bombardier
421,"Lemke, Dietrich and Von",405,Embraer
422,Beier Inc,133,Embraer
423,Luettgen-Von,139,Airbus
424,Adams Inc,479,Airbus
425,"Nader, Rohan and Walker",316,Boeing
426,Rau Group,72,Airbus
427,Gerlach LLC,331,Airbus
428,Lynch-Blanda,382,Bombardier
429,"Wilderman, Cole and Lindgren",586,Bombardier
430,O'Kon Inc,529,Boeing
431,"O'Kon, Goodwin and Mayer",598,Boeing
432,Little-Bayer,262,Embraer
433,Ondricka-Conroy,464,Bombardier
434,"Herzog, Blick and Rosenbaum",57,Bombardier
435,"Kozey, Jacobs and Kub",503,Boeing
436,Willms-Little,458,Airbus
437,Crooks-Crist,522,Boeing
438,O'Keefe and Sons,583,Boeing
439,"Schoen, Schmidt and Okuneva",310,Boeing
440,Kohler-Champlin,136,Embraer
441,Ritchie Group,586,Embraer
442,Borer Group,70,Airbus
443,"Price, Rowe and Quigley",477,Embraer
444,Sauer-Dare,565,Bombardier
445,"Boehm, Kozey and Steuber",546,Boeing
446,Grady LLC,416,Boeing
447,Boyer Inc,206,Embraer
448,Gusikowski-Treutel,588,Boeing
449,Botsford LLC,226,Embraer
450,"Kulas, Bernier and Lubowitz",333,Boeing
451,Sanford-Brown,517,Airbus
452,Nader-Rolfson,62,Embraer
453,Towne-Haag,324,Bombardier
454,"Dicki, Towne and Bailey",12,Boeing
455,Pouros-Veum,312,Bombardier
456,Jakubowski Group,33,Bombardier
457,Renner-Bechtelar,479,Embraer
458,Mitchell-Cronin,341,Embraer
459,Wintheiser-Leffler,166,Bombardier
460,Veum LLC,490,Bombardier
461,Gaylord-Yost,324,Embraer
462,"Stanton, Renner and Torphy",430,Embraer
463,"Wolf, Maggio and O'Reilly",491,Embraer
464,Lang and Sons,449,Airbus
465,Treutel and Sons,99,Bombardier
466,Rau Group,46,Bombardier
467,Lebsack LLC,420,Bombardier
468,Schimmel-Beahan,557,Boeing
469,Schultz Group,215,Bombardier
470,Johnson-Hermann,487,Boeing
471,Schuster Group,241,Boeing
472,"Veum, Mann and Haag",351,Bombardier
473,"Larson, Schoen and Powlowski",192,Embraer
474,Schmeler-Schulist,337,Boeing
475,Prohaska-Runolfsson,330,Embraer
476,"Bahringer, Bosco and Stiedemann",530,Airbus
477,"Harber, Leannon and Pfeffer",449,Boeing
478,Crona-Harris,238,Airbus
479,Stroman and Sons,474,Bombardier
480,"Stanton, Greenfelder and Bogan",302,Embraer
481,"Koss, Harvey and Moen",127,Bombardier
482,Beatty-Konopelski,364,Embraer
483,Hettinger-Heaney,489,Airbus
484,Kuhlman LLC,391,Bombardier
485,O'Reilly-Roob,350,Embraer
486,"Klocko, Swaniawski and Brekke",41,Bombardier
487,Sauer LLC,581,Bombardier
488,"Steuber, Reynolds and Marquardt",86,Embraer
489,Pfeffer and Sons,199,Embraer
490,D'Amore LLC,389,Bombardier
491,"Stehr, Bahringer and Hyatt",416,Boeing
492,"Farrell, Nader and Sporer",386,Bombardier
493,Wolf and Sons,44,Bombardier
494,Dare LLC,377,Embraer
495,Harris-Wolff,249,Boeing
496,"Wilderman, Schuppe and Aufderhar",322,Airbus
497,Hills and Sons,131,Bombardier
498,Heaney Group,363,Embraer
499,"Nitzsche, Kiehn and Schinner",546,Boeing
500,Brekke-Steuber,146,Airbus
501,Kling LLC,385,Embraer
502,Vandervort Group,69,Embraer
503,Parisian Group,64,Embraer
504,Hand-Stroman,380,Airbus
505,"Dibbert, VonRueden and Lueilwitz",270,Embraer
506,"Kihn, Johnston and Nienow",296,Boeing
507,"McClure, Reinger and Harris",184,Airbus
508,O'Conner-Bergnaum,359,Embraer
509,"Brown, Leuschke and Thompson",75,Embraer
510,"Gleichner, Zemlak and White",530,Boeing
511,Leannon-O'Connell,266,Airbus
512,Hirthe-Jacobs,422,Boeing
513,Schumm-Dare,300,Airbus
514,Labadie and Sons,373,Embraer
515,Skiles Inc,341,Airbus
516,Ortiz-Ondricka,581,Airbus
517,Keebler and Sons,345,Airbus
518,Rodriguez-Halvorson,452,Airbus
519,"Hand, Macejkovic and Grady",115,Boeing
520,Nader-Grimes,451,Airbus
521,Predovic Group,324,Airbus
522,"Auer, Crooks and Bogisich",222,Boeing
523,Gibson LLC,22,Boeing
524,Reinger LLC,325,Embraer
525,Sauer Inc,391,Airbus
526,Dickinson Inc,387,Embraer
527,"Nikolaus, Cummings and Hessel",503,Embraer
528,Shanahan Group,206,Embraer
529,"Cartwright, Waters and Heaney",495,Bombardier
530,Beer Group,527,Boeing
531,McGlynn Group,347,Airbus
532,Borer-Lindgren,241,Boeing
533,Gottlieb-Glover,304,Boeing
534,Schimmel LLC,267,Boeing
535,Hodkiewicz and Sons,425,Embraer
536,Thiel Group,260,Boeing
537,"Doyle, Auer and Grant",317,Boeing
538,Goyette LLC,594,Boeing
539,"Walsh, Nicolas and Volkman",192,Boeing
540,O'Kon Inc,461,Bombardier
541,Stiedemann LLC,538,Embraer
542,"Stoltenberg, Greenholt and Powlowski",586,Airbus
543,Rice-White,52,Boeing
544,Kunze-Kling,582,Embraer
545,Moore-Sporer,421,Boeing
546,Hammes and Sons,116,Bombardier
547,Goldner-Hartmann,550,Embraer
548,Daniel and Sons,531,Airbus
549,Jenkins-Stoltenberg,110,Boeing
550,"Feeney, Russel and Mohr",63,Boeing
551,"Beahan, Koepp and Gerhold",513,Embraer
552,O'Connell-Walsh,440,Airbus
553,Reichel-Waelchi,550,Boeing
554,"Thiel, Deckow and Will",286,Bombardier
555,Kozey and Sons,448,Bombardier
556,Koss Group,552,Airbus
557,Heller-Oberbrunner,576,Airbus
558,Beatty Inc,160,Boeing
559,"Ruecker, Pollich and VonRueden",338,Airbus
560,"Romaguera, Champlin and Leffler",147,Boeing
561,"Lesch, Schneider and Brown",273,Embraer
562,Howell Inc,237,Bombardier
563,"Koch, Zieme and Bernhard",243,Airbus
564,Nitzsche-Russel,19,Bombardier
565,Schowalter Inc,485,Airbus
566,"Stiedemann, Grant and Larson",93,Boeing
567,Kub Inc,466,Embraer
568,Hessel-Goldner,126,Bombardier
569,Dach-Lindgren,159,Bombardier
570,Will-Ullrich,139,Boeing
571,"Emmerich, Herzog and Mohr",56,Bombardier
572,Goodwin Inc,86,Boeing
573,Skiles LLC,526,Embraer
574,Hahn-Toy,326,Embraer
575,"Barrows, Stiedemann and Trantow",584,Airbus
576,"Nitzsche, Konopelski and Bartell",290,Airbus
577,"Jakubowski, Goodwin and Schiller",444,Embraer
578,"Durgan, Olson and Toy",389,Boeing
579,Smitham-Grant,71,Bombardier
580,Paucek-Donnelly,458,Airbus
581,Boehm LLC,365,Embraer
582,"Harris, Stokes and O'Hara",170,Bombardier
583,Kunde-Dickens,255,Airbus
584,Schowalter-Veum,276,Bombardier
585,O'Hara LLC,349,Embraer
586,Oberbrunner LLC,311,Boeing
587,Rau and Sons,502,Airbus
588,Zulauf-Krajcik,600,Boeing
589,Wuckert LLC,253,Embraer
590,Nicolas-Littel,581,Bombardier
591,Russel-Daniel,144,Bombardier
592,Reilly-Wilderman,371,Embraer
593,Kuphal Inc,508,Embraer
594,"Becker, Greenholt and Abernathy",286,Boeing
595,Reynolds LLC,87,Airbus
596,Smith-Hackett,322,Bombardier
597,Kuhn-Witting,494,Bombardier
598,"Balistreri, Stoltenberg and Stoltenberg",538,Airbus
599,"Zemlak, Volkman and Langworth",531,Airbus
600,Kris-Boyer,254,Airbus
601,Grant Group,266,Embraer
602,Pacocha-Emmerich,241,Embraer
603,Kessler Inc,493,Boeing
604,Jacobi-Friesen,483,Airbus
605,Little Group,254,Bombardier
606,"Bogan, Lind and Anderson",95,Boeing
607,"Gutmann, Gleichner and Erdman",255,Embraer
608,"Lehner, Blick and Beatty",95,Airbus
609,Dicki-Sporer,338,Airbus
610,Haag-Rutherford,135,Embraer
611,"Frami, Brown and Kunze",65,Bombardier
612,Wiegand-Altenwerth,259,Bombardier
613,Muller-Kling,413,Airbus
614,"Jast, Yost and Kuhic",282,Boeing
615,Brakus-Heller,66,Bombardier
616,Rice-Treutel,340,Boeing
617,Windler-Lueilwitz,181,Airbus
618,"Feeney, Goyette and Weber",106,Boeing
619,Ebert LLC,129,Embraer
620,"Langosh, Bode and Dicki",367,Embraer
621,Nicolas-Rolfson,344,Bombardier
622,Schaefer-Barton,586,Airbus
623,"Parisian, Armstrong and Tremblay",124,Boeing
624,"Predovic, Orn and Armstrong",312,Airbus
625,Lesch Group,226,Bombardier
626,Reichel-Powlowski,274,Embraer
627,"Rowe, Stoltenberg and Beier",505,Embraer
628,Wilkinson LLC,369,Boeing
629,Abbott-Lebsack,304,Embraer
630,Keebler-King,439,Embraer
631,Lakin Group,154,Boeing
632,Volkman-Ankunding,275,Bombardier
633,Rau LLC,486,Airbus
634,Steuber-Thiel,432,Airbus
635,Mueller-Ratke,426,Boeing
636,Hackett LLC,121,Boeing
637,"Emmerich, Schiller and Hudson",320,Bombardier
638,Walker-Zieme,542,Embraer
639,Kulas LLC,262,Bombardier
640,"Bradtke, Marks and Willms",174,Embraer
641,"Smitham, Kuhlman and Homenick",156,Embraer
642,Cartwright-Rowe,497,Bombardier
643,McCullough-Corwin,549,Airbus
644,O'Conner LLC,219,Boeing
645,"Mueller, Bogan and Dicki",391,Boeing
646,Koepp LLC,509,Bombardier
647,Murphy and Sons,102,Airbus
648,Emmerich-Kerluke,17,Embraer
649,"Schmidt, Wolf and Kilback",434,Boeing
650,"Kozey, Prohaska and Rohan",480,Airbus
651,"Morar, Lang and Huels",320,Boeing
652,Windler Group,218,Boeing
653,"Nitzsche, Padberg and Prosacco",548,Bombardier
654,Graham-Pollich,283,Bombardier
655,Rippin-Bashirian,538,Bombardier
656,Streich and Sons,106,Airbus
657,Paucek LLC,485,Embraer
658,Hartmann Group,359,Embraer
659,"Walker, Ward and Jones",445,Bombardier
660,"Ryan, Gaylord and Labadie",504,Airbus
661,"Gulgowski, Friesen and Hermiston",586,Embraer
662,Romaguera and Sons,268,Embraer
663,Rutherford-Schneider,530,Bombardier
664,"Fadel, Marks and Fritsch",488,Airbus
665,Toy-Schinner,560,Bombardier
666,Macejkovic Inc,500,Airbus
667,"Mertz, Carter and Zboncak",29,Embraer
668,Padberg-Collier,334,Boeing
669,Purdy-Little,594,Embraer
670,"Kling, Vandervort and Satterfield",509,Bombardier
671,Gusikowski-Funk,63,Airbus
672,Hagenes-Nicolas,112,Boeing
673,Kunze Group,175,Embraer
674,"Schneider, O'Reilly and Franecki",493,Airbus
675,Lebsack-Kassulke,109,Airbus
676,Cummerata-Hyatt,140,Embraer
677,"Zboncak, Pfeffer and Trantow",587,Boeing
678,Bins-Stiedemann,262,Airbus
679,Goodwin Inc,444,Bombardier
680,Dickinson-Emmerich,519,Airbus
681,Bednar-Bradtke,158,Embraer
682,"Ebert, Mann and Stroman",13,Embraer
683,Langworth Inc,577,Embraer
684,Wolff-Koss,304,Bombardier
685,"Turner, Grady and Mraz",147,Airbus
686,DuBuque Inc,180,Bombardier
687,O'Connell and Sons,200,Embraer
688,"Jacobs, Collins and McLaughlin",215,Airbus
689,Hermann LLC,516,Bombardier
690,"Durgan, Leannon and Beier",257,Boeing
691,"Sipes, Quitzon and Heaney",182,Boeing
692,Rutherford-Mayert,481,Embraer
693,Leuschke and Sons,285,Boeing
694,Vandervort LLC,13,Embraer
695,Kohler and Sons,393,Bombardier
696,"Treutel, Feest and Carter",472,Embraer
697,"Witting, Weissnat and Braun",223,Bombardier
698,Denesik Inc,212,Embraer
699,"Rowe, Kautzer and Gerlach",201,Embraer
700,"Schroeder, Nitzsche and Gleichner",20,Bombardier
701,Schumm LLC,162,Airbus
702,Wilkinson LLC,38,Bombardier
703,Vandervort and Sons,179,Embraer
704,"Hyatt, Mayer and Schamberger",352,Airbus
705,Monahan-Doyle,469,Boeing
706,"Tillman, Ortiz and Hartmann",227,Embraer
707,"Hills, Welch and Waters",467,Airbus
708,Reilly-Ebert,474,Embraer
709,"Gislason, Towne and Fisher",157,Bombardier
710,Bruen-Ritchie,281,Embraer
711,"Huels, Christiansen and Fritsch",536,Airbus
712,"Shanahan, Leuschke and Carroll",73,Embraer
713,Luettgen Group,194,Airbus
714,Bosco-Johns,297,Bombardier
715,Goldner-Pouros,458,Airbus
716,Leannon-Denesik,387,Boeing
717,Mueller-Crist,443,Embraer
718,Lang-Stark,287,Embraer
719,"Hartmann, Corkery and Carter",386,Airbus
720,Goldner and Sons,466,Airbus
721,"Crona, Mitchell and Gerlach",146,Bombardier
722,"Altenwerth, Bartell and Nienow",18,Boeing
723,D'Amore LLC,432,Bombardier
724,Ruecker-Rohan,23,Bombardier
725,Haag-Treutel,152,Bombardier
726,Watsica Group,574,Embraer
727,Metz Group,236,Airbus
728,"Yost, Shanahan and Dietrich",480,Bombardier
729,"Hermiston, Terry and Armstrong",304,Boeing
730,Stark-Medhurst,163,Bombardier
731,O'Keefe LLC,419,Airbus
732,Williamson-Krajcik,529,Airbus
733,Schumm and Sons,260,Airbus
734,Hayes Inc,168,Airbus
735,"Smith, Adams and Berge",395,Boeing
736,Lindgren-Purdy,274,Boeing
737,Barton-Medhurst,534,Airbus
738,Terry and Sons,461,Bombardier
739,Crona-Miller,268,Bombardier
740,Bradtke-Stark,270,Bombardier
741,Waters-Wilkinson,477,Boeing
742,Brakus-Larkin,398,Boeing
743,Thiel Inc,134,Bombardier
744,Bogisich and Sons,442,Boeing
745,Buckridge Group,15,Embraer
746,O'Kon-McCullough,224,Bombardier
747,Block-Jast,433,Boeing
748,Trantow-Blanda,13,Bombardier
749,"Friesen, Jaskolski and Robel",71,Boeing
750,Murphy Group,378,Bombardier
751,"Hermann, Mayer and Collier",105,Airbus
752,"Oberbrunner, Kertzmann and West",133,Embraer
753,Shields Group,120,Embraer
754,Romaguera-Dickens,170,Airbus
755,"Bashirian, Hermiston and Schneider",155,Embraer
756,Toy Group,344,Airbus
757,"Beatty, Rowe and Roberts",485,Boeing
758,McDermott LLC,379,Boeing
759,"Crist, West and Orn",332,Boeing
760,"Hand, Kunde and Hayes",261,Embraer
761,Sawayn-Treutel,84,Airbus
762,Turcotte Inc,383,Boeing
763,"Renner, Fritsch and Leuschke",131,Embraer
764,Kessler-Schmeler,476,Airbus
765,Jast-Abernathy,38,Boeing
766,Hand-Nitzsche,214,Embraer
767,Blick Inc,505,Airbus
768,"Cummerata, Carter and Hand",36,Airbus
769,"Langworth, Stokes and Lemke",45,Airbus
770,Bosco-Schimmel,148,Airbus
771,Blanda-Zulauf,255,Bombardier
772,Kuphal-Funk,212,Airbus
773,"Steuber, Welch and McGlynn",103,Bombardier
774,Rosenbaum LLC,542,Airbus
775,McDermott and Sons,445,Embraer
776,Deckow LLC,92,Boeing
777,"Armstrong, Hegmann and Borer",229,Embraer
778,"Wiza, Schmitt and Dare",293,Airbus
779,"Barton, Kiehn and Rutherford",486,Bombardier
780,"Rohan, Kunde and Marquardt",97,Bombardier
781,Murray Group,63,Embraer
782,Grimes Group,581,Bombardier
783,Bednar-Koss,395,Boeing
784,"Zboncak, Jenkins and Zulauf",400,Bombardier
785,Deckow and Sons,36,Embraer
786,Yundt and Sons,229,Embraer
787,"Jones, Adams and Murray",157,Boeing
788,Krajcik-Hegmann,543,Airbus
789,"Pfeffer, Haag and Upton",503,Embraer
790,Collins-Halvorson,588,Bombardier
791,"Gottlieb, Goyette and VonRueden",272,Bombardier
792,Hoeger Inc,285,Bombardier
793,Kohler LLC,453,Embraer
794,Wolff Inc,33,Airbus
795,Funk Group,349,Embraer
796,"Schmidt, Hodkiewicz and Gerlach",558,Boeing
797,Huels-Lubowitz,335,Bombardier
798,Berge-Torp,49,Embraer
799,"Rutherford, Halvorson and Mante",430,Boeing
800,"Champlin, Shanahan and Ferry",350,Boeing
801,Abbott and Sons,107,Boeing
802,Miller-Deckow,535,Boeing
803,Jacobs Group,425,Embraer
804,Cole-Metz,459,Airbus
805,Luettgen-Bartell,216,Airbus
806,Cremin Group,523,Boeing
807,O'Hara-Spencer,560,Boeing
808,"Rohan, McKenzie and Franecki",110,Airbus
809,"Cremin, Koch and Conroy",299,Bombardier
810,Goldner-Grimes,42,Bombardier
811,Swaniawski-Dickinson,203,Boeing
812,"Conroy, Blick and Morar",336,Embraer
813,"Crona, Skiles and Murray",432,Boeing
814,"Farrell, Hilpert and Altenwerth",140,Embraer
815,Considine and Sons,467,Boeing
816,Anderson-Collier,424,Embraer
817,"Stark, Casper and Kuphal",554,Boeing
818,Schaden and Sons,208,Embraer
819,Collins Group,539,Boeing
820,Shanahan-Hayes,442,Embraer
821,"Hilll, Champlin and Reynolds",305,Boeing
822,Schaefer Inc,194,Boeing
823,"Abbott, Glover and Doyle",290,Boeing
824,"Hamill, Wolff and Jacobson",127,Embraer
825,Pouros-Christiansen,219,Airbus
826,Reilly and Sons,574,Boeing
827,Shields and Sons,201,Bombardier
828,Macejkovic LLC,231,Boeing
829,Wisoky-Gutkowski,64,Boeing
830,"D'Amore, Miller and Raynor",129,Embraer
831,Prohaska LLC,597,Embraer
832,Gutkowski Group,134,Airbus
833,"Rau, Torp and Gutkowski",210,Airbus
834,"Beer, Borer and Bechtelar",219,Embraer
835,Gleichner-Zulauf,593,Bombardier
836,Renner LLC,368,Boeing
837,"Boyle, O'Connell and Nikolaus",361,Boeing
838,Stanton-Grimes,36,Embraer
839,Sauer-Morissette,266,Bombardier
840,Stamm and Sons,70,Airbus
841,Boyer Inc,281,Boeing
842,Herzog Group,292,Airbus
843,Osinski Inc,225,Airbus
844,Beier-Rempel,127,Embraer
845,Herzog and Sons,508,Embraer
846,"Mante, Rogahn and Yost",148,Bombardier
847,Herzog LLC,430,Embraer
848,Thiel-Berge,587,Embraer
849,"Fay, Pollich and Goodwin",336,Bombardier
850,"Mante, Stroman and Paucek",303,Boeing
851,Hills Inc,143,Airbus
852,Boehm-Gutkowski,178,Airbus
853,Schuster-Schamberger,251,Bombardier
854,"Auer, McLaughlin and Tromp",423,Bombardier
855,Welch-Runolfsdottir,587,Embraer
856,"Mosciski, Wisozk and Raynor",404,Boeing
857,Strosin Inc,469,Airbus
858,Wuckert Inc,197,Airbus
859,"Schuppe, Marvin and Gleason",429,Embraer
860,Jenkins-Considine,411,Embraer
861,Leannon-Trantow,379,Bombardier
862,Kertzmann-Hagenes,340,Boeing
863,Homenick-Willms,572,Embraer
864,"Walker, Bruen and Heller",502,Airbus
865,VonRueden Group,175,Bombardier
866,"Schimmel, Hackett and Zulauf",12,Bombardier
867,Murphy and Sons,474,Bombardier
868,Prohaska Inc,486,Bombardier
869,Casper Inc,371,Boeing
870,Bins-Lind,350,Embraer
871,Ward and Sons,373,Bombardier
872,Durgan and Sons,306,Airbus
873,"Howe, Vandervort and Emard",556,Airbus
874,"McKenzie, Rippin and Jones",269,Bombardier
875,O'Conner Group,576,Embraer
876,"Reichert, Reynolds and Heaney",196,Embraer
877,"Brown, Shanahan and Sanford",214,Bombardier
878,Kutch Group,516,Boeing
879,Mante-Hansen,175,Bombardier
880,Hackett-White,359,Airbus
881,Durgan-Purdy,296,Embraer
882,"Mills, Blick and Larkin",118,Airbus
883,Bosco and Sons,132,Embraer
884,Carroll-Beatty,201,Embraer
885,"Dach, Hammes and Kozey",106,Boeing
886,Murphy-Haag,485,Boeing
887,MacGyver-Parisian,167,Boeing
888,Littel-Barton,297,Bombardier
889,Farrell-Powlowski,509,Boeing
890,Thompson and Sons,360,Embraer
891,"Aufderhar, Farrell and Gorczany",553,Airbus
892,Hickle-Johnston,99,Bombardier
893,Muller-Cummerata,320,Bombardier
894,"Legros, Rosenbaum and Gibson",141,Airbus
895,Nienow Inc,512,Bombardier
896,"Pouros, Gerhold and Hermiston",365,Boeing
897,Cremin Inc,54,Embraer
898,O'Connell Inc,498,Airbus
899,Borer Group,524,Bombardier
900,Brekke-Rippin,319,Embraer
901,Bartell LLC,91,Airbus
902,Dare LLC,536,Boeing
903,Oberbrunner-O'Hara,373,Bombardier
904,Dibbert-Strosin,71,Bombardier
905,"Satterfield, Wilderman and Beier",38,Boeing
906,"Reilly, Bahringer and Bartoletti",511,Boeing
907,"Zboncak, Schmeler and Lehner",412,Embraer
908,Strosin-Schinner,448,Bombardier
909,Deckow Inc,247,Bombardier
910,Hudson-Hegmann,585,Airbus
911,"Reilly, Thiel and Gibson",569,Airbus
912,Volkman Inc,444,Boeing
913,Veum and Sons,592,Airbus
914,Tromp-Fritsch,435,Bombardier
915,Huel Group,522,Airbus
916,Armstrong-Morissette,565,Boeing
917,Harber-Breitenberg,167,Bombardier
918,Morar LLC,230,Airbus
919,Rau-Schoen,31,Boeing
920,"Hilll, Stracke and Ortiz",459,Bombardier
921,Upton-Block,582,Bombardier
922,"Morissette, Ledner and Moen",152,Bombardier
923,"O'Keefe, O'Hara and McKenzie",294,Bombardier
924,Goldner and Sons,278,Airbus
925,"McGlynn, Leannon and Daugherty",165,Embraer
926,Larkin-Reilly,98,Embraer
927,Quigley LLC,325,Embraer
928,McClure-Russel,22,Bombardier
929,"Graham, Dare and Mayert",406,Boeing
930,"Blick, Bechtelar and Bergnaum",292,Airbus
931,"Koelpin, Klocko and Quigley",243,Bombardier
932,"Roberts, Mertz and Stroman",427,Bombardier
933,Hudson-Rohan,280,Embraer
934,"Altenwerth, Romaguera and Reichert",169,Boeing
935,"Kutch, Harvey and Bednar",35,Bombardier
936,Hahn and Sons,24,Airbus
937,Hermann Group,71,Boeing
938,Fay-Lynch,159,Embraer
939,Berge-Dooley,369,Airbus
940,Farrell and Sons,593,Airbus
941,"Torphy, Batz and Stanton",447,Airbus
942,Moen Inc,172,Bombardier
943,"Dooley, Cummerata and Marvin",286,Airbus
944,Ledner-Torphy,254,Bombardier
945,"Weissnat, Anderson and Hudson",104,Bombardier
946,"Jacobson, Moore and Miller",505,Boeing
947,Schoen-Murphy,365,Boeing
948,"Mohr, Macejkovic and Kuvalis",259,Bombardier
949,Schaefer Inc,304,Embraer
950,Kessler-Lynch,152,Boeing
951,Lebsack and Sons,38,Embraer
952,Berge-Connelly,258,Boeing
953,Marks-Reynolds,98,Bombardier
954,"Senger, Lemke and Douglas",491,Bombardier
955,Rath-Kling,129,Airbus
956,Harber LLC,453,Embraer
957,"Runolfsdottir, Anderson and Hudson",97,Bombardier
958,Russel Group,567,Airbus
959,"Crist, Pouros and Walker",414,Bombardier
960,"Johnston, Collier and Conroy",506,Bombardier
961,O'Kon Inc,185,Bombardier
962,Lehner LLC,593,Embraer
963,"Blanda, Lakin and McLaughlin",52,Airbus
964,"Wiza, Cartwright and Goyette",204,Airbus
965,Sauer LLC,104,Airbus
966,Medhurst Inc,417,Bombardier
967,"Ryan, Schiller and Bauch",154,Airbus
968,Wuckert-Hessel,383,Bombardier
969,Kunze-Haag,431,Boeing
970,Senger LLC,253,Embraer
971,Langworth-O'Keefe,117,Embraer
972,"Nienow, Grant and Sanford",482,Embraer
973,Becker-Gutkowski,114,Airbus
974,"Hackett, Douglas and McLaughlin",364,Embraer
975,"Pfeffer, Crist and Graham",559,Embraer
976,Satterfield Inc,182,Airbus
977,"Dibbert, McDermott and Nitzsche",222,Bombardier
978,Schimmel-Pagac,440,Boeing
979,"Skiles, Labadie and Ledner",102,Boeing
980,"Walsh, Weimann and Lind",51,Embraer
981,"Schmidt, Okuneva and Little",568,Bombardier
982,Hermiston LLC,107,Airbus
983,Beer-Tromp,262,Boeing
984,Wisozk-Jerde,149,Airbus
985,Orn Inc,295,Bombardier
986,Watsica LLC,308,Bombardier
987,Schroeder-Ortiz,351,Embraer
988,Reynolds and Sons,571,Bombardier
989,"Torphy, Hickle and Larson",381,Embraer
990,Rippin and Sons,290,Boeing
991,West-Schaefer,454,Boeing
992,"Stehr, Ullrich and Ziemann",536,Airbus
993,Krajcik Inc,354,Bombardier
994,"Hane, Balistreri and Bauch",332,Boeing
995,Schiller-Olson,248,Boeing
996,McLaughlin-Blick,399,Airbus
997,Swaniawski-Sawayn,598,Airbus
998,Mayert Inc,510,Embraer
999,"Veum, Connelly and Ullrich",390,Airbus
1000,"Daniel, Grady and Schroeder",561,Bombardier
