cpf,nome,endere√ßo,fone
245-24-2123,Lyndy Allston,600 Derek Point,9518732689
317-10-0451,Serene Meadowcraft,426 Ryan Crossing,6913700278
322-41-7531,Horst Roddie,017 Glacier Hill Circle,1283872596
245-79-3951,Revkah Castello,02292 Elka Court,9202432014
556-98-3249,Raff Kubach,55 Lake View Plaza,7302527362
729-97-8077,Torrin Enticknap,77500 Ronald Regan Terrace,6797196811
157-18-0408,Bobby Garard,5 Waubesa Center,6285260135
891-49-3302,Lamont Whitehouse,9640 Hauk Alley,7035042126
825-74-0268,Laurie Cattemull,133 Garrison Lane,9094125271
305-01-2950,Brunhilda Brinicombe,2 Wayridge Park,4139496828
599-23-9369,Corby Dixie,232 Summerview Road,1026053959
659-02-0919,Omero Spon,9822 Pawling Alley,6464550061
430-89-9861,Leopold Bee,15 Kipling Center,1325195980
179-92-4711,Kellby Edgeson,00 Ruskin Parkway,3008093782
371-61-8684,Kenton Conklin,56 Burrows Circle,7626605524
166-58-4387,Brittani Fear,42 Loftsgordon Plaza,2501893647
844-63-4786,Falito Harvison,04 Myrtle Lane,8149513360
691-15-4608,Linnea Corneck,78289 Merchant Trail,5265351444
793-57-0083,Eberto Cheel,8633 Lighthouse Bay Court,7152775834
462-68-9110,Ulrick Youster,3 Towne Parkway,7518970412
311-36-7951,Christoforo McGeachey,4818 Express Center,8193148790
525-01-7328,Brenn Pointing,92199 Di Loreto Plaza,8504446107
349-85-2591,Mickie Edowes,9 Kings Point,8825514680
571-87-6344,Flor Vasenkov,846 Corry Center,1373124669
381-40-2106,Mickie MacWhan,073 Village Place,3842049367
667-82-9713,Leland Snailham,4 Barnett Hill,4808163728
710-84-4625,Hazel Retter,894 Surrey Point,8054773093
401-29-0482,Efren Rumble,577 Graceland Trail,8236196541
538-41-4918,Torry Noweak,217 Colorado Park,5999346480
610-03-8063,Edlin Basketfield,9514 Forest Run Trail,5396812175
841-79-6598,Beckie Dwyer,387 Forster Pass,8795813324
739-87-7716,Gualterio Clift,18 Schiller Terrace,5276131329
820-24-4796,Alfons Taffee,1914 South Center,1621930081
831-83-2154,Arlen Manchett,7 Dottie Alley,3737390173
836-74-9347,Sarette Adamiec,08 Morningstar Avenue,7804577626
258-56-5568,Del Rodd,64 Maryland Terrace,2493256585
442-38-2074,Aundrea Leete,9 Stang Avenue,3809874120
899-73-6027,Lina Dabs,70371 Homewood Lane,7162413114
198-39-9896,Kort Brickhill,82 Memorial Point,3347315032
109-32-0963,Tracee O'Keaveny,6779 Prairieview Circle,2243717925
229-68-0047,Jeremie Scarsbrooke,33 Heath Trail,2407830080
156-77-7224,Bettine Klisch,7920 Leroy Trail,8299911063
562-73-5513,Syd Sadat,0 Jackson Plaza,1917035097
395-79-3020,Melisande Siggers,1566 Karstens Hill,3986770727
499-31-5629,Alaster Melendez,4925 Welch Lane,9527304678
473-34-2744,Cookie Patriskson,297 Service Court,3498453772
515-83-5046,Hubert Eickhoff,60580 Mallory Avenue,5261943601
383-01-1223,Damita Perrottet,4 Hoard Pass,4088395223
896-10-3830,Lezley Falkner,786 Eggendart Point,9383281324
435-35-9548,Royce Skellern,285 Di Loreto Way,2048278395
204-60-1989,Brandtr Petto,946 Anzinger Crossing,2364550062
309-10-7393,Kayley Wennington,48 Autumn Leaf Pass,6958504976
513-69-1106,Elspeth Bowbrick,97024 Ramsey Terrace,3575889255
357-61-8634,Baird Garrad,18107 Maple Wood Parkway,1673412392
313-44-4509,Vallie Olphert,933 Harper Road,8773997745
783-69-0037,Kata Peoples,7048 Killdeer Street,2378483879
211-70-7929,Humfrey Marvin,596 Vera Road,2569794497
281-48-4638,Clerc Josifovitz,27 Arkansas Terrace,4559170966
287-99-4499,Reube Drabble,42267 Knutson Crossing,3474782107
720-40-4730,Nicoli Sturman,27065 Mockingbird Junction,5531519086
732-84-4068,Hyman Cutchie,1 Merry Plaza,6055398221
323-01-2006,Humfried Stather,5223 South Alley,7453099139
461-57-4932,Olenka Duffree,99 Express Park,1008068671
101-02-0961,Jojo McCoy,5187 Pankratz Hill,3215798595
289-88-8074,Mattie Jordi,466 Jackson Drive,6119243377
514-22-9143,Lexis Charke,2240 Park Meadow Junction,7127086547
624-29-4472,Charmian Luparti,20547 Gerald Road,6812074695
334-70-3506,Sinclair Isaksson,7147 Fieldstone Trail,8435223530
525-76-5524,Malena Stoyell,1 Buena Vista Point,5839709095
455-75-2856,Wallace Barber,23 Independence Lane,3118377438
269-21-5353,Rozele Quarry,1 Jana Road,7373471774
493-20-4483,Onida Farguhar,026 Hanover Street,1981683553
788-15-8686,Christian Langworthy,47975 Banding Way,4497313578
548-37-1517,Drusi Berthomier,18026 Spenser Pass,2055710225
670-19-7513,Salaidh O'Connel,6617 Porter Park,1375270564
458-78-7688,Cathie McLae,78 Ridgeview Trail,9677130018
385-66-4622,Tilly Geleman,25 Briar Crest Street,1215880623
799-82-7282,Giralda Marians,852 Longview Circle,3601665958
841-03-9872,Ryon Foffano,149 Morning Pass,7734855390
248-64-7857,Debbie Wickey,0452 Golden Leaf Lane,6541763440
732-34-6880,Illa Van Cassel,3 Riverside Center,7405374315
878-03-4852,Dorita Brayford,47340 Ronald Regan Hill,2689219832
517-24-6132,Willy Simkovich,20205 Dennis Terrace,1551402280
884-86-9820,Dagmar Gelder,1883 Evergreen Center,5016185243
254-66-7364,Kyrstin Thorneley,2 Lotheville Place,6375741371
241-60-0726,Lacy Farady,3558 Magdeline Trail,1214643224
774-51-3812,Bay Ping,347 Bunker Hill Park,1961771404
329-27-3811,Leta Ravenshaw,6350 Sheridan Junction,9213452549
891-90-0508,Gwyn Escala,5082 Veith Road,6559915235
214-84-6313,Massimiliano Kohler,1 Crowley Center,7066019092
529-32-8431,Ive Slemmonds,7884 Pine View Crossing,6478371242
711-85-4775,Shem Simeone,3 5th Circle,2638963241
232-03-7080,Tamas Ollive,45342 Lighthouse Bay Crossing,4766970391
621-80-5647,Martin Westlake,1382 Cottonwood Terrace,9317488630
341-51-5028,Denna Dosedale,2 Nancy Circle,7011974971
484-11-0080,Amalia Roubay,4953 Spaight Drive,4715711247
565-29-3922,Jody Disdel,6052 Summerview Place,7441710689
793-75-8064,Katy Hartzogs,984 Melby Drive,1888202848
256-42-5423,Sallyanne Kops,81085 Acker Place,1743628119
877-68-5179,Davida Bandt,96735 Hollow Ridge Plaza,2708257442
283-18-3679,Codi Bille,058 Esker Circle,5672493550
819-19-1172,Ebba Collington,171 Center Lane,9305226296
365-03-4960,Ernestine Creedland,2 Westend Road,8373678236
880-49-1280,Homer Graber,0 Everett Hill,1535411123
134-37-3006,Carleen Sale,32233 Mccormick Parkway,9885636305
393-61-7137,Willy Mirfield,77332 Larry Pass,7219921387
359-67-1023,Catarina McGlone,85 Ruskin Drive,4476914928
494-03-2096,Kenneth Bleazard,51 Hoard Junction,9809089196
526-03-5854,Alisa Kose,72555 Loeprich Terrace,1731646701
238-61-4049,Isador Cowle,457 Mosinee Plaza,3163778773
745-20-4411,Vasili Roomes,1761 Cordelia Road,1694757656
371-40-1617,Jillie Potes,2092 Nobel Road,3752767362
512-09-4400,Merrill Samwyse,6681 Kennedy Alley,8613880512
410-74-4396,Emyle Rustman,5 Bashford Parkway,5638210155
820-02-1794,Augy Walworth,7995 Dahle Lane,4752719148
145-31-3062,Hattie Norgate,6332 Dorton Way,1136110787
234-66-7442,Beryle Roseburgh,44174 Shasta Drive,9589546174
532-23-5552,Borden Emberson,63 Hanover Hill,2948642166
535-23-3568,Etta Coltman,711 Birchwood Hill,3872622171
312-69-7601,Prue Helsdon,24 Oakridge Street,8388987627
410-02-6373,Roxine Celler,22219 Arkansas Alley,5305843204
721-35-0945,Olly Waddam,8115 Monterey Trail,6259542791
868-88-6587,Twila Biskupek,940 Stephen Point,8807677391
245-29-5718,Jaymie Packham,72708 Starling Park,6335280918
800-56-2343,Zuzana Petrov,14527 Mayfield Crossing,6566941717
739-49-3748,Arabel Russilll,03 Farmco Junction,9766844762
363-27-2472,Brianne Ruxton,63 Tennyson Place,7744785076
274-97-9192,Alanna Wenderott,51 Iowa Avenue,1438711883
249-47-4450,Arv Karpf,619 Hooker Point,9066328730
814-77-7195,Sherlocke Tumulty,9449 Moulton Street,1318254274
537-24-6357,Luise Habbes,1339 Scofield Terrace,2368624772
220-21-5864,Colleen Dionis,54786 Dwight Avenue,1636725220
699-93-3909,Menard Idell,1 Anzinger Lane,6994586167
735-28-5629,Pepe Giraths,7 Waubesa Terrace,7106351072
621-17-9461,Paulita Winfrey,628 Vernon Plaza,4798763584
782-20-8581,Jaimie Josephson,5 Anhalt Drive,3514268104
539-73-0011,Keene Kiffe,5 Evergreen Park,6305792721
320-89-1479,Edvard Devlin,868 Menomonie Court,8209098256
612-25-2587,Vic Goodnow,53 Clyde Gallagher Avenue,7357087145
561-84-1515,Leilah Boak,36901 Dayton Hill,1581120821
786-79-2837,Natala Windus,94 Lerdahl Point,5469817145
509-90-5425,Reena Renshall,7726 Alpine Hill,7793533082
811-80-2823,Heidi Prin,47615 Sunfield Trail,5271126725
893-58-9493,Dido Axston,73 Anderson Road,3374238587
706-80-1109,Templeton Menloe,40341 Lien Street,7127663808
653-69-6735,Dina Lideard,60 Spenser Hill,2669684751
389-78-4747,Tamera Gallaher,7094 Mariners Cove Road,5303146711
829-64-3928,Karl Leith-Harvey,03 Farmco Avenue,7816929686
709-47-5564,Lurlene Jeckell,5165 Merry Street,7079861125
598-20-9991,Jule Warrener,1920 Ronald Regan Terrace,6315575508
537-55-0723,Niles Pluthero,08915 Hagan Plaza,6168791185
722-06-5639,Margo Horribine,60687 New Castle Parkway,7926231767
814-76-8228,Clayborne Boc,19 Paget Parkway,7398762251
277-55-5766,Rudolph Neilands,379 Heffernan Way,4556857032
583-70-8041,Sibyl Prium,875 Quincy Alley,8062050921
197-29-8107,Fara Pavelka,149 Graedel Plaza,4061407201
330-76-8054,Stanly Connerry,30 Colorado Junction,5105653836
456-21-2071,Salvatore Mackrill,81241 Mesta Hill,6073305919
664-36-6335,Izzy Wittering,61 Monica Pass,9057928920
637-19-7424,Ambrosius Limpricht,181 Carpenter Crossing,7592263524
485-67-3249,Balduin Whyborn,81657 Claremont Avenue,6709925137
469-43-1180,Andra Kirkam,041 Ridge Oak Road,1551342811
765-38-9797,Hadria Ghent,61 Vermont Circle,6768529654
650-64-1389,Kassie Topling,68 Weeping Birch Street,6909656286
308-40-6434,Melony Oaten,92936 Homewood Place,5043122707
618-13-9302,Innis Norway,1538 American Ash Junction,6575049648
143-59-8724,Rudiger Berryann,2 Annamark Avenue,4393805781
351-70-0215,Swen Torricella,4 2nd Pass,6534658959
725-42-6974,Leora Swinyard,34892 Colorado Place,3541441771
457-90-4592,Bing Trusty,0 Kedzie Way,9627440042
326-02-9545,Skelly Imloch,079 Elmside Parkway,5015548710
631-59-3612,Dar Searsby,25 Nancy Court,5176449370
260-25-5834,Kriste Tather,1 Killdeer Road,7354617073
698-81-2369,Olivette Eggar,5976 Birchwood Center,4973458222
645-29-8034,Willi Mangam,15 Parkside Parkway,2075442092
440-15-5780,Althea Gauchier,93586 Nevada Circle,5456905767
496-02-8063,Roscoe Chippin,1604 South Center,9061409817
348-25-4017,Kania Flewin,5039 Spenser Court,6565164565
674-94-8733,Mose Rosle,59 Golf View Circle,9105385474
381-95-1992,Tobie Greeveson,835 Talmadge Park,4561109797
243-49-5096,Inglis Dewar,574 Banding Circle,8744336986
448-12-2635,Laural Helmke,80 Sheridan Plaza,6893113214
227-64-8830,Randee Servante,27 Towne Drive,8666853133
119-60-3925,Isobel Stute,2440 Elgar Trail,7757943516
371-39-2992,Gabi Lavington,13 Onsgard Park,8791325973
264-91-0520,Theadora Pady,62419 Chinook Court,5163990829
257-67-3507,Wendeline Jose,01 5th Crossing,7077898848
265-27-8467,Floyd Sallnow,941 Norway Maple Parkway,2733782364
273-12-6605,Vinnie Taggerty,6 Oak Way,1569084705
705-75-0570,Thomasin Kilfoyle,3711 Dunning Plaza,2473429581
879-55-6215,Errol Jellyman,42 Becker Pass,3454871478
446-68-6735,Kiele Olczak,2525 Forest Dale Lane,7196399049
147-36-2893,Zondra Gilstin,9 Kinsman Court,7444703018
786-05-8745,Gordon Langlois,3 Dorton Place,3803152913
522-85-6536,Nelie Leadstone,96403 Glendale Plaza,9267285218
264-57-1354,Bendix Calley,9852 Eagan Lane,9745281370
428-34-3832,Emalee Seldner,3849 Stoughton Park,1873197084
582-85-2280,Lorin Offill,6894 Logan Center,2122407018
577-03-4938,Doreen Kaye,94104 Florence Way,8837553165
789-71-6490,Janine Awcoate,70 Transport Junction,4198999996
689-47-4664,Gawain Pairpoint,274 Pierstorff Drive,1658878705
741-99-1517,Waldemar Uff,52 Buena Vista Park,6532831820
452-08-1960,Mariska Hawgood,511 Lerdahl Way,6335489868
818-49-0375,Freddy Chennells,87416 Bonner Trail,7337400877
597-57-7053,Tasha Narup,86307 Lien Alley,9187483036
897-73-1355,Dasie Beauly,764 Algoma Point,4856749203
831-64-3966,Darcee Peoples,8 Eastlawn Road,1605681067
535-55-1999,Clayborne Sakins,43 Longview Trail,8724413884
135-52-1579,Sydelle De Vile,1967 Harper Place,5535708233
678-66-2261,Yves Ashbrook,3 Butterfield Crossing,6251421091
366-89-6882,Cole Barns,5046 Bultman Way,6998552389
596-67-8472,Kaylyn Konzelmann,0271 Park Meadow Road,2316815670
528-06-0720,Letty Rosbrough,781 Lyons Plaza,3953332874
681-67-0645,Maynord Worts,49 Eliot Pass,3686960830
296-92-4799,Avie Langabeer,296 Fallview Street,9298363707
144-21-0746,Riannon Brien,0 Bluestem Hill,9493956753
382-79-9342,Forrester Toseland,6617 Forest Street,5653875020
826-23-3914,Allix Wanden,96394 Mallard Point,6356016777
377-86-5330,Arleen Drinkale,8 Arapahoe Drive,1321958145
134-91-8539,Giulia Harburtson,26608 Manley Circle,6734609405
509-17-9266,Ellery Hardwicke,8 Eagan Court,1341395875
553-63-4934,Georgy Allsepp,536 Macpherson Pass,7735493984
876-65-8053,Shadow Pepon,4 Duke Place,2924450814
671-72-8549,Conney Gonsalo,399 Hollow Ridge Road,5786022608
478-20-6779,Wilden Wykey,54 Scofield Terrace,6165649325
192-80-0222,Carey Borgesio,842 Grover Trail,4152808213
257-74-3021,Zarla Hendrikse,2072 Hintze Hill,1777874800
579-28-2449,Jolynn Dust,628 Melody Terrace,8664447720
335-20-7077,Guido Tallent,327 Stang Trail,7373750381
511-08-4233,Chlo Wall,4 Derek Pass,5438844345
624-64-4517,Thacher Tyhurst,563 Schurz Lane,1418064138
736-61-6243,Tallulah Tarzey,65253 Gerald Crossing,4154659958
126-15-8926,Berte Cayet,54 Bunker Hill Point,2646015245
521-09-4809,Jud Poznanski,026 Northwestern Plaza,5076681465
791-80-0263,Wallace Yackiminie,18 Atwood Street,9729215270
751-88-5280,Porter Carswell,56 Coleman Junction,6208826428
607-45-8123,Claire Ralston,4860 Lindbergh Lane,4918782586
103-27-8553,Tyne Crinage,4786 Vermont Park,7284825355
501-03-2532,Lorita Mickan,496 Village Place,4394847002
466-12-4992,Bartolomeo Ive,98 Carey Alley,6326249455
564-96-1630,Dill Strattan,6 Petterle Drive,8282978717
649-06-6172,Harley Mazey,0 Commercial Road,8902712629
358-58-8356,Benedick Gokes,5996 Sloan Center,8462029933
197-47-6448,Virge Dominick,97 Esker Parkway,9027529882
730-69-4627,Babita Kinahan,8 Scoville Alley,6776467570
233-03-4723,Joyan Mithan,90 Clyde Gallagher Place,1593379623
842-78-5740,Mata Kaliszewski,5 Pond Lane,2283293713
211-23-3178,Irving Picot,9 Brickson Park Center,8142858439
150-08-7893,Emmanuel Wards,32 Comanche Drive,2498076700
134-99-9681,Alex Vick,12911 Tomscot Junction,2531303618
748-45-4275,Ulick Sabater,6 Norway Maple Hill,5216146003
626-57-1384,Terry Codling,59 Florence Plaza,8069969334
697-40-6116,Igor Rodge,0955 Twin Pines Drive,6495087091
237-39-9353,Rosemonde Bullas,0 Jana Parkway,2795095476
195-89-9110,Michel Tinan,8586 Pawling Crossing,2523409766
849-97-1079,Cello Kleiser,04874 Coleman Center,3733702898
232-17-1410,Averil O'Gready,5974 Myrtle Court,9731296755
858-96-9235,Ardyth Snozzwell,8 Katie Terrace,7998225079
799-20-2680,Boone Weighell,4 Cordelia Avenue,2999198737
430-83-1654,Johannes Karoly,80223 Parkside Hill,3757692108
551-13-9319,Blayne Graffin,720 Ryan Hill,8221079048
296-23-4766,Bunny Gillicuddy,2712 Karstens Place,6138414696
452-82-9352,Conn Thomasset,3 Crescent Oaks Trail,3016431550
152-56-0101,Stacia Rubenfeld,0 Clarendon Road,7649935965
407-57-2491,Zilvia MacDonogh,5 Raven Plaza,8801136846
554-69-9673,Logan Calafate,5 Grim Parkway,7948357575
868-16-5936,Reinwald Sircomb,4666 John Wall Place,1251681767
523-65-5048,Seth Mumbey,29657 Birchwood Lane,6096961934
704-05-0832,Rudd Bosch,33 Golf Court,8267980517
610-16-5299,Debi Hilhouse,07134 Messerschmidt Avenue,4821281989
668-31-0881,Mikol Keppe,0 Packers Junction,1045805224
210-75-1820,Marillin Teaze,479 Eliot Hill,1217016623
683-98-2795,Giles Glazier,88 Erie Pass,3363675649
206-08-2954,Cleve McKernon,18337 Oak Lane,1411549143
495-46-3933,Brandi Gumby,03632 Esker Parkway,6502762032
261-82-4947,Sandro Northall,45 Cordelia Plaza,4479282726
807-04-7078,Florance Island,2 Rowland Crossing,4619942308
431-08-2787,Carmelita Grewcock,22 Norway Maple Place,1354976594
486-28-0571,Joaquin Bhatia,65 Pierstorff Junction,8426354626
334-09-4620,Ricky Dacks,5 Victoria Alley,8952470202
370-97-7386,Almeria Hansill,5968 Summit Drive,3942641704
891-07-7934,Rickey Lorenz,45 Warner Circle,3716226000
249-28-6004,Charissa Malia,308 Everett Road,3621002311
519-42-4131,Jacobo Chestle,8 Kings Terrace,3475734375
823-09-2218,Glynis Gero,72 Sachs Terrace,8502142490
452-12-2081,Kippie MacCracken,86291 Golf View Circle,4629386915
109-36-0589,Gabriela Davidge,1509 Lawn Parkway,4566089550
460-85-0470,Riccardo Gresly,783 Ilene Terrace,3641625850
757-64-6733,Thorvald Deavin,69370 Melvin Junction,9134945599
600-22-9688,Maxim Dumini,6606 Swallow Drive,9118935033
628-22-8911,Sarajane Penritt,322 Ronald Regan Junction,1112068274
488-02-4637,Rosalie Daintree,8553 Little Fleur Avenue,6582973749
843-69-8984,Danya Lempke,20370 Oakridge Plaza,2952652816
608-97-0530,Leonard Phinn,616 Mesta Terrace,5526612325
136-80-5118,Esdras Copins,5 Shasta Drive,2186072995
445-40-6956,Tamarah Freeth,7717 Hoepker Road,1429944561
744-18-7094,Toinette Jalland,728 Nevada Park,4593198321
790-74-6305,Shelden Cowoppe,223 Paget Point,9534257689
153-82-4987,Ashla Hulke,1 Russell Circle,3697282266
548-95-6000,Rex Hewkin,49521 Mendota Point,4097832116
774-46-2660,Kristi Gerretsen,5 Burrows Parkway,8578348109
818-34-8715,Corry Sikorski,927 Bobwhite Pass,3266356622
274-86-6761,Iorgos Dumberrill,6 Gulseth Circle,7191234355
540-68-1709,Julia Dismore,77139 Rusk Road,2205300545
418-57-1461,Bernie McShea,915 Bashford Plaza,9803273056
732-78-3812,Duffy Viger,37 Spohn Lane,8001187832
511-98-4609,Colline Borres,416 Pond Lane,2518153550
551-17-3790,Rosina Elland,0199 Clemons Alley,6578110666
865-60-9980,Oren Redshaw,0825 Manufacturers Plaza,3807131369
432-98-7396,Josh Novotne,48530 Valley Edge Trail,4384164894
692-61-0663,Pauletta Whybrow,1 Hagan Hill,9943627570
725-93-8074,Elfreda Shilliday,3 Debra Terrace,6948108436
119-63-9142,Frannie Hendin,04205 Emmet Parkway,6751529031
627-45-9081,Nessa Bernardoux,99168 New Castle Center,6212656322
797-56-0639,Hewet Rodrigo,05 Kensington Trail,9777843674
235-66-3497,Bernetta Seago,6203 Browning Way,3832514744
852-54-2725,Coretta Raspison,46 Maryland Court,1585790434
501-51-2175,Carlin Cully,86 Banding Center,8349924186
166-91-9612,Tybalt Eschalotte,807 Pleasure Parkway,5396157173
786-49-9936,Bryon Hakking,609 Meadow Ridge Place,7609106229
476-69-6551,Jaclyn Jurzyk,2230 Duke Avenue,1786351689
330-04-7728,Carma Zollner,54241 Moland Alley,9125753574
180-63-7103,Bryon Francescozzi,29358 Utah Terrace,5057026127
170-27-1961,Elyse Bischof,11751 Transport Parkway,2735175990
690-05-4883,Adrian Kirkby,4 Autumn Leaf Lane,8029839337
873-58-0825,Jaquenetta Goldsberry,84 Old Shore Plaza,9163243877
812-22-4869,Natalee Sizeland,0463 Crest Line Road,3489857613
676-32-4558,Deloris Davson,1 Jay Court,8497042567
327-62-6450,Kacie Nelthorpe,6393 Sommers Road,4106616220
484-31-2133,Yard Dee,12 Hollow Ridge Avenue,6526281435
888-10-0779,Randell Lownie,53012 Merry Road,3088773312
167-99-4874,Jesse Pembry,2690 Elka Street,6818118269
787-36-2598,Maxy Sampson,15656 Ridgeway Park,1317818610
285-69-7579,Frieda Calfe,2684 Prairieview Crossing,7615703845
269-38-5655,Vera Stoute,3033 Pawling Place,8107758586
404-39-0627,Albie Godilington,8888 Carioca Street,2038681654
547-48-4795,Kristi Blayney,63 Morrow Pass,7683315585
218-01-4713,Salem Flaunders,7 Riverside Center,3784305440
428-55-7503,Oran MacElroy,23 Arkansas Alley,2126970626
772-08-5667,Gerry Maier,384 Ramsey Pass,4784358222
773-07-2084,Gawen Wyllcocks,13 Hermina Hill,5159637386
856-63-8455,Alvis Skalls,194 Red Cloud Street,6991600481
334-09-6877,Harry Valentim,06 Troy Drive,7068308726
860-31-9653,Warden Whiles,68382 Arizona Parkway,4624469842
363-23-5986,Nealson McCobb,564 Hoffman Trail,2949434571
873-33-4254,Pearla Curryer,4691 Di Loreto Center,6392992917
580-87-4146,Julia Yard,019 Fuller Park,9571696033
791-40-4117,Joletta Kubu,53637 Warner Circle,4104849997
252-05-1836,Darlleen McIlory,81138 John Wall Junction,1246224470
398-83-9434,Abra Fielder,73299 Kedzie Plaza,4344111214
327-70-6512,Malorie Houlahan,4644 Leroy Avenue,5698554444
640-68-3758,Frazer Carrigan,1 Holy Cross Circle,2541976813
587-90-1620,Ransell Eltun,982 Almo Lane,4909853062
130-69-8016,Madel Derks,1 Atwood Pass,9127763980
514-11-8674,Marni Yakov,72 Waxwing Road,4129951574
785-24-3003,Joscelin Woodbridge,2364 Straubel Way,4284870039
863-77-0587,Dayle Housam,023 Coleman Hill,9626427821
299-82-2576,Garret Hamly,2 Alpine Way,5256576263
181-97-7511,Myrah Gloves,63118 Mallard Parkway,5837646291
762-25-2448,Cozmo Stearns,69 Hagan Street,8525368449
846-76-5019,Davie Drynan,84 Marquette Street,1591670556
746-14-2972,Valery Audsley,740 Miller Circle,8499348084
307-32-8453,Emerson Sherrington,79 Briar Crest Point,5893983823
850-10-5054,Vivianna Standering,988 2nd Drive,1442824532
886-43-7452,Vilhelmina Belsey,17 Canary Plaza,7479884971
614-46-5678,Elton Gallehock,93028 Doe Crossing Hill,1939289371
620-68-3686,Alec Mellsop,52841 Kenwood Center,4788348722
145-26-0196,Pennie Bampford,2631 Karstens Crossing,1811823529
780-91-4075,Guendolen Trousdell,61951 Village Court,8599866457
173-07-3074,Ab Dowglass,0 Schiller Plaza,4902836200
243-57-8686,Lucila Oglethorpe,058 Basil Road,1469641870
762-37-0293,Kylynn Nelson,4037 Dixon Terrace,3612263596
541-54-4127,Kimmie McGirr,17029 Pepper Wood Place,5205710056
306-16-5985,Bradan Lewzey,28 Warner Lane,2687560097
661-76-3573,Tripp Andreone,40259 Dapin Place,3715299714
658-10-8909,Trefor Wylder,89 Anzinger Crossing,2983207462
116-13-4318,Lanny Munehay,728 Northland Park,3077862614
477-26-8059,Rebekkah McKay,60 Norway Maple Court,4883348042
696-80-7653,Annaliese Belfrage,5 Jana Lane,4034659374
574-24-8355,Sherry Ramsted,12 Macpherson Parkway,6946737301
890-47-0770,Alameda Newlan,8484 Waubesa Park,9503780437
731-92-9007,Richmound Barradell,80764 Vernon Junction,6876298035
142-87-9359,Sid Hutley,5 Mcbride Center,7765807798
788-07-4364,Trudi Dungee,804 Porter Way,5423752229
389-63-1773,Jamison Simoni,33 David Point,5697451872
491-15-9815,Raynor Maybery,749 Birchwood Point,4697094361
244-49-1054,Fredrika Omar,80 Menomonie Court,3739457727
863-77-1490,Weber Hugo,311 Sunbrook Hill,6899585765
342-69-8009,Monti Gopsill,6311 Mariners Cove Junction,2167503979
589-05-7521,Merilee MacNeilage,82 Independence Avenue,6371528751
139-44-0167,Clemente Byrom,43 Main Point,3182006494
761-20-2791,Karlyn Rapo,61143 Barnett Hill,8441794247
551-81-6364,Lelia Takis,58682 Donald Drive,2893415755
132-68-4805,Simmonds Magee,463 Lukken Parkway,3731308821
757-07-9695,Hyacinthia Eldered,0592 Sunnyside Alley,8025374423
713-19-3690,Dian Burdoun,9 Monterey Avenue,5053557738
222-91-9832,Henka Cawthorne,43025 Coleman Way,1173323373
860-94-8379,Vivyanne Cuss,4 Coolidge Terrace,4806515851
390-46-5390,Vonni Causbey,7827 Burrows Point,5138379741
699-25-9716,Cash Dayly,9 Miller Street,8695488360
588-08-2333,Dylan Klimkiewich,313 2nd Parkway,5519774272
661-75-4822,Eadith Geare,69737 Columbus Pass,1826766933
180-44-6195,Amalia Scuse,6743 Meadow Ridge Pass,8585382399
614-87-8387,Linell Yerrell,359 Bultman Way,2387763153
686-20-6066,Katleen Gledhill,0 Kings Pass,9427247473
584-72-7113,Conn Mileham,3 Chinook Alley,7829214742
807-15-0561,Pet Hessay,808 Oak Valley Center,2108396344
410-97-3533,Barney Emptage,3709 Meadow Vale Hill,9934835899
879-28-7837,Sayres Twort,811 Truax Alley,6572964727
280-53-7729,Harvey Barfoot,63952 Darwin Hill,4406449322
369-65-1408,Keen Westfalen,8322 Declaration Avenue,8495453159
390-24-6188,Henriette Goutcher,47 Summer Ridge Road,2063513414
401-48-9827,Nancy Cavalier,0911 Kinsman Junction,6816862733
885-57-3304,Magdalena Albarez,2888 Hanson Street,5557143990
427-50-8142,Noni Laurenzi,12262 Butternut Point,8048386480
139-31-6205,Gordy Feehely,4728 Pankratz Drive,7046366968
456-55-2687,Laurella Duiguid,3853 Armistice Lane,4941225981
779-18-9163,Inger Letty,33 Southridge Lane,3002127669
862-84-9222,Clem Luno,967 Reinke Court,8959502810
351-29-4475,Neale Skipperbottom,3562 Farwell Avenue,6345805343
492-88-6825,Gregoor Attack,037 Truax Point,8158261614
285-83-6615,Shell Treker,3 Jana Park,9715412517
418-32-2275,Ambrosio Viger,715 Roxbury Junction,3877721534
198-87-6408,Neddy Wrotchford,34560 Moland Place,7875490554
700-32-2485,Dalli Pinkstone,4 Transport Road,8336688090
404-05-7367,Kira Folca,62 Rutledge Junction,9676250733
229-30-7244,Dalenna Bushell,0198 Eastwood Center,9051683114
707-85-4726,Clyve Matchett,23651 Arrowood Street,7502872156
799-72-9748,Allie Duns,08916 Hazelcrest Street,8999945278
114-89-7471,Kathye Alexsandrov,1719 Texas Hill,5457356565
452-96-3544,Darrelle Shreenan,32563 Cherokee Pass,1353541485
390-30-6459,Osbourne Duffit,259 East Alley,1021197288
770-59-8436,Mata Dopson,5684 Sutteridge Way,1476040932
895-95-1566,Marcos Hazeman,26153 Ruskin Road,5841086507
508-99-3190,Wake Rioch,5316 2nd Trail,3764943698
735-55-4518,Mikaela Stansby,839 Mcbride Road,4261601500
225-23-2493,Thornton Antos,31721 Cambridge Circle,5497751912
708-17-5542,Melamie Scheffel,2859 Crownhardt Way,3565570404
395-88-6382,Arly Tordiffe,9703 Commercial Street,5393850892
722-97-4971,Carol-jean Cristoforo,91 Hanson Road,7475072296
839-40-1313,Lukas de Vaen,52 Kim Avenue,1912138784
157-53-9581,Shaine Ilieve,6785 Oak Point,8551355340
161-29-9610,Antonie Milkin,7585 Debra Plaza,9158204054
320-78-9716,Herb Andreasen,172 Myrtle Drive,5155281597
773-53-1177,Fara Wind,04 Dryden Park,2103495475
601-15-8627,Hershel Beswell,925 Troy Avenue,7504127222
786-14-5298,Sari Sircombe,27 Orin Terrace,5777404995
878-26-5291,Granger Varvell,1580 Oxford Way,1481248896
200-75-3814,Edward Baudesson,7215 Dennis Terrace,7646079665
300-71-3252,Myrtle Stockhill,620 Graceland Pass,1807801228
392-15-5063,Dal Firmager,75 Chinook Lane,3559570812
151-51-5327,Andria Skipp,49 Hoard Place,9865377742
828-26-1233,Rip Mum,4 Nova Street,6142867717
249-32-3118,Sax Yakebovich,90 Golf Course Road,1089797108
769-12-5529,De Byre,0669 Kipling Alley,7048372235
148-43-8392,Humfried Polfer,2867 Starling Circle,8949839557
536-32-0448,Melicent Thirlwell,82 Melvin Street,1573394211
681-35-6872,Carmela Flaherty,0145 Calypso Road,2195563783
700-49-4875,Matthus Waller,2426 Shasta Terrace,2387145229
610-99-9732,Britni Prandini,6360 Bellgrove Avenue,5398969854
255-26-4385,Glynis Kinastan,54 Acker Plaza,3982141045
359-34-3026,Ambrosius Kanter,159 Troy Court,2756184262
610-63-8332,Roth Sweedland,17 Mifflin Junction,2811600068
129-80-6455,Kat Devita,67 David Center,7366821712
646-69-5650,Dodi Billison,9025 Mariners Cove Crossing,5417113703
796-40-7711,Nester Lanham,2367 Sage Alley,7562356811
789-12-6036,Bentlee Densell,97 Meadow Vale Pass,7628402312
695-11-3328,Morry Bowra,5 Nevada Place,4613601061
327-50-5617,Mia Kolczynski,675 Hollow Ridge Lane,3036245688
292-86-0700,Lynnett Cullinan,4 Lukken Court,5784131324
892-84-2257,Adaline Lawley,3 Debs Point,3161775007
115-51-6271,Clari Ketteman,35375 Miller Crossing,3054754752
269-73-1271,Darb Freund,9473 Sutherland Avenue,6144796833
431-21-7015,Karel Janik,53 Haas Road,9274495639
681-86-5191,Gennie Lathan,55 Delladonna Parkway,4516635841
566-01-4235,Annabal Yarr,9 Burrows Way,5941765143
572-88-4997,Penn McTerlagh,57 Pine View Point,7411281329
806-21-6819,Kate Cornes,2 Kensington Park,7277751904
325-77-6784,Florie Czapla,7572 Graceland Plaza,3433683338
691-14-7640,Artemas De Vere,1780 Union Hill,4749937169
482-03-1557,Ainslee Vella,0101 Sycamore Alley,6463104881
137-99-0589,Mab Tudor,660 Fordem Junction,9092796912
648-61-9298,Darya Spur,911 Oak Drive,4321494113
648-03-0656,Tessie Lupton,40 Darwin Point,1581489968
772-08-7065,Marjory Gillan,0 Summerview Alley,5919838819
346-09-0721,Emelita Tattersill,823 Holy Cross Park,4337562545
388-84-7753,Moishe Horsell,38 Brown Alley,3383164380
139-02-5150,Selestina McAnulty,748 Blue Bill Park Circle,3575882705
661-06-3722,Gae Nequest,07173 Charing Cross Pass,7065389093
693-33-4038,Timothea Lenden,6342 Lindbergh Junction,1168217727
171-89-6371,Gherardo Lukianovich,5082 Charing Cross Parkway,6516815061
209-21-9191,Sharline Moir,71 Tomscot Pass,9965866543
168-73-2929,Patrick Carney,20 Straubel Junction,6394329460
359-59-7272,Oriana Hourigan,32987 Hintze Way,1911686660
600-20-1456,Theo Broadhurst,054 Lien Drive,4939847607
233-55-5912,Friedrick Snow,127 Debra Circle,5096326460
332-81-2041,Gabriellia Dearell,1881 Sachtjen Hill,7098862993
534-71-6519,Jens Beaufoy,28601 6th Hill,6095408893
109-56-3984,Alasteir Tutt,0242 Brentwood Place,1695394738
248-34-1138,Dare Sarjent,46282 Heffernan Plaza,4178951258
264-20-5356,Francois Baselio,17 Armistice Park,6061888117
561-80-0368,Brian Chislett,5 Oneill Circle,1737352072
360-24-5943,Constancy Slemmonds,4 Weeping Birch Street,4362386944
707-24-9024,Guthrie Zukierman,9 Oneill Center,7276951887
168-55-5166,Minnie Scantlebury,25939 Loeprich Lane,4122383974
488-54-5890,Katrina Oehme,01 Sherman Drive,1099771685
763-32-6309,Tam Trench,0 Donald Pass,8571494830
149-82-5271,Maureen Ross,48 Hollow Ridge Junction,6002964103
541-79-5587,Valdemar Shrimplin,84 Columbus Street,5525858401
650-62-8466,Elissa Bangham,3668 Linden Center,7081418943
824-23-8989,Em Goane,6 Maple Place,4719007349
150-31-3010,Morgan Eam,7168 Thierer Plaza,7577749867
614-56-3918,Paige Chimienti,51 Hermina Parkway,5138262054
781-59-4680,Tuesday Davydoch,33 Mariners Cove Circle,8816713428
244-35-2848,Arleta Hathway,63 Corscot Trail,9812459548
570-24-7165,Karyl Milburn,44 Lyons Way,9838966846
894-66-7791,Ana Thebe,762 6th Road,9869879689
432-40-2734,Amil Mowsley,517 Summer Ridge Drive,4278430247
844-48-5862,Elladine Leaf,2 Manufacturers Park,5475749203
791-81-4541,Virgina Graine,208 3rd Circle,4588043495
589-51-4371,Eada Kay,696 Dayton Junction,5882215374
185-46-4889,Rubetta Mace,5850 Clyde Gallagher Circle,3988575663
546-21-0969,Odilia Britland,68655 Melby Court,6575895572
667-15-8253,Carly Sanz,56 Buhler Parkway,8789244868
606-01-1809,Fredericka Vassman,5 Bowman Lane,6463392143
301-33-5613,Orlan Petrashkov,078 Waubesa Terrace,4951622995
472-07-6624,Mick Soles,56240 Emmet Junction,9397812784
540-96-8260,Griffin Paton,4141 Bunting Court,4954446233
439-02-0488,Ollie Tennick,2 Erie Parkway,8775102899
469-60-5836,Brandtr O'Sharkey,69023 Golf Street,3911901592
729-48-4540,Lavinie O' Bee,0066 Graedel Center,2753764494
171-04-4673,Brew Oaten,648 Sycamore Plaza,7932569345
736-39-6032,Zia Joselovitch,03 Sheridan Junction,5599923976
825-15-8874,Zared Barens,781 Roxbury Crossing,6574930598
337-22-6629,Gannon Oleszcuk,491 Sage Avenue,4017062589
453-67-7001,Lyndell Filyaev,02241 Hayes Junction,8309677752
115-49-0149,Emmey Mc Kellen,01117 Arizona Lane,6707674567
136-83-0415,Brien Grigoli,73382 David Court,5902005628
126-16-8518,Gabriel Selvester,7857 Wayridge Court,3972862265
405-35-8120,Mervin Schoolcroft,8758 Becker Point,8116916207
307-67-9828,Marlow Top,43 Darwin Drive,5441174173
789-41-3085,Shalne Ringham,10546 Cordelia Point,2126046519
625-37-3446,Janka Aubert,5 Mccormick Way,3812169648
493-28-1675,Brunhilda Parysiak,134 Little Fleur Drive,8078327339
856-43-0785,Phillip Graybeal,90 Farragut Point,9424579646
814-38-0685,Camella Arnaldi,24 Northwestern Parkway,8022499244
376-61-8694,Matthew Gruszczak,7684 Pierstorff Place,2328608117
520-30-5114,Carey Chidler,31379 Almo Road,7502380299
245-89-1350,Waylin Dye,038 Hanson Terrace,1375967778
845-48-6977,Waldon Retallick,05 Rutledge Hill,5349236102
593-11-7332,Andeee Archibould,15 Badeau Plaza,6035599029
519-99-4396,Warner Crease,66 Oak Parkway,4471122838
712-46-4387,Anton Benoey,09625 Kennedy Place,6916714533
302-22-2140,Noell Levin,83 International Junction,3866238303
708-29-6709,Sandye MacGaughy,5602 Valley Edge Trail,4631465247
677-50-8212,Eziechiele Ondricek,6 Lillian Drive,9148157515
282-10-5611,Morgen Ruckhard,26 Ridgeview Pass,9821268387
805-88-8056,Mattie Pichan,91 Anzinger Crossing,8925518332
520-01-2136,Morna Dikels,96 Ohio Street,2663365668
556-08-1697,Leopold Carradice,0681 New Castle Parkway,9414440335
376-33-0920,Dexter Benjefield,666 Rigney Pass,1094184330
781-07-7392,Konstanze Davidou,49030 Iowa Way,5982070057
517-04-1827,Stepha Trazzi,08114 Artisan Junction,1373999394
243-11-1561,Carolynn Kindleside,397 Homewood Park,3595300862
684-53-8691,Wenonah Nursey,29 Gateway Junction,3307124606
144-03-8791,Dorian Brangan,9025 Sheridan Court,6651535060
426-81-4443,Persis Rosson,46494 Summerview Park,9247020085
195-59-7910,Norah Aucourte,19686 Elmside Place,7377721001
504-67-0257,Garrik Prinn,20793 Helena Street,2789317121
461-69-4584,Berthe Heugh,5 Bellgrove Avenue,1557992558
331-51-5246,Ora MacFarland,235 Red Cloud Terrace,3231750927
885-34-1249,Sydney Wenderott,1 Fair Oaks Court,7248891964
862-79-1252,Christal Pickervance,01 Talmadge Plaza,6445942106
260-67-0231,Loise Ricardo,3042 Tomscot Center,9558638138
228-59-2579,Trescha Sextone,7609 Northridge Terrace,5917947070
283-32-4830,Serge Cayser,57 Shopko Alley,3748166764
561-05-3601,Alfonse Brokenbrow,3 Buhler Street,2715782338
170-72-4720,Hewe Gabrieli,46459 Blaine Road,3213926483
604-31-4927,Korney Longbone,37776 Tomscot Hill,6846362806
748-23-2345,Durand Patching,6 Laurel Point,4386301887
262-65-0160,Gregorius Gladhill,5240 Mifflin Lane,5677907804
219-78-8292,Grove Flannigan,32 Debs Alley,3481736494
689-09-2672,Emilia Barnewelle,42 Vahlen Trail,7296107127
263-91-3008,Gav McDuff,3 Arrowood Park,5883159179
851-77-6296,Thedric Squirrel,19 3rd Road,5522023761
476-04-0778,Ardelia Chavez,1 Saint Paul Park,9223476134
388-09-6554,Mikaela Janjic,4 Pepper Wood Park,8452257198
754-30-5253,Carmina Mugg,60224 Dawn Parkway,3946605280
577-53-1240,Humbert Bouette,53 Kim Center,2607927103
449-42-8810,Liv Anthoine,2356 Pleasure Center,5089595865
403-51-2430,Marcelia Utterson,98237 Rigney Trail,5434090413
618-81-0263,Nadine Tooher,04918 Dunning Trail,3264478903
692-78-5030,Terza Sussans,25281 Sachtjen Pass,9038601434
455-24-3556,Marjorie Speakman,85045 Huxley Street,8897170535
160-19-3122,Rodi Coldbathe,95 4th Road,2428850028
864-27-9099,Joeann Petruszka,4283 Waubesa Way,2215607499
594-90-7313,Birgitta Gabby,144 Londonderry Terrace,8614930595
391-60-2537,Tabbitha Lumbers,5 Debs Circle,8988239074
871-73-5816,Linette Nickerson,5 Independence Hill,5021294469
377-76-7676,Crystal Coldwell,587 Green Ridge Parkway,5993450317
512-08-1685,Cesare Brasse,5 Scoville Parkway,8724909244
614-46-3730,Celene Rathe,5 Sugar Parkway,5862732007
161-40-4470,Gearalt Cottis,24556 Doe Crossing Pass,9145742179
473-78-7024,Eyde Tamburo,0073 Dawn Point,5974332365
253-04-8182,Viv MacPhaden,73 Manufacturers Alley,6183108920
466-45-6051,Natividad Winterbottom,9332 Ludington Place,5408643830
848-58-1693,Catharina Wiggam,4 Northport Point,6139953951
556-26-2515,Bette-ann Hucks,93772 Darwin Avenue,3099922304
486-37-6882,Jake Bettam,7 Chinook Center,1856038580
847-19-3623,Nickolas Ammer,5 Briar Crest Trail,1955200392
888-02-7647,Laurena Deppe,80 Talisman Drive,9541299625
750-35-2019,Jannelle Littefair,1 Calypso Street,3692911766
254-57-7952,Hannah McGoon,97 4th Road,3384655026
539-78-3967,Franklyn Fretwell,4744 Darwin Hill,6481636308
116-68-5329,Noelle Espley,95038 Redwing Place,7845252152
765-44-4695,Jaynell Birkett,699 Sycamore Junction,1106827885
813-89-7330,Lamar Engledow,791 Orin Center,8381397981
310-43-1008,Kiersten Queen,8891 Sycamore Park,1105381869
202-86-7202,Tobe Garrett,8360 Lukken Trail,4202476668
267-39-7956,Pat Boken,0591 Toban Junction,7067048702
161-20-5263,Celle Dowley,5140 Larry Trail,9488429897
339-83-0994,Gabriello Pummery,40 Algoma Court,3111432023
391-41-9217,Hendrika Tamblyn,89 Londonderry Way,3932487304
669-51-5924,Madelina Port,67 Elgar Trail,9792014208
215-25-7772,Christyna Mackleden,34541 Chinook Junction,8535551847
331-07-3944,Frederico Cutchee,4688 Union Point,7655679517
396-28-4015,Ninon Janicijevic,28144 Clarendon Parkway,1378552709
610-13-1677,Fernando Kennefick,4 Emmet Park,5915278514
516-53-2848,Celestine Sides,35 Schiller Center,7054483908
357-32-8887,Hamilton Bartlomiej,20 Spaight Road,5472152263
330-03-9259,Kippy Emmer,17 Grasskamp Street,2342564527
356-56-7039,Isidor Permain,5914 Shopko Circle,1816099773
782-97-5848,Judi Chinnery,06 Schlimgen Trail,4308614349
568-91-5044,Ddene Stopp,28297 Golf Course Trail,4046646564
816-51-7829,Ethelyn Paulusch,6657 Caliangt Way,8776531784
194-04-9727,Sonja Bartolomivis,32174 5th Park,9389046955
129-18-5654,Murielle Reynolds,9375 Park Meadow Plaza,9221569736
846-77-8117,Sigismundo Pesak,4751 Katie Circle,8681108484
692-45-7918,Allayne Ireland,0125 Katie Alley,6081839321
759-47-6416,Eleanore Ciobutaru,3775 Mallory Way,6197562344
323-16-3534,Elva Northrop,20893 Kedzie Trail,7172041916
143-56-4350,Alisun Dugdale,162 Burning Wood Way,1835973097
808-71-2394,Delphine Obington,96901 Vahlen Road,2345889475
383-20-4390,Scott Spendley,84656 Rusk Crossing,9443274708
749-24-3638,Natala Raynton,545 Dawn Lane,6052053620
282-79-8411,Dasha Crosse,028 La Follette Point,3497841935
282-38-0947,Cassi Daynter,6104 Emmet Alley,8882330572
729-49-2451,Oralla Dearsley,55 Spaight Crossing,9035400142
639-87-6998,Bealle Fowles,1 Veith Circle,7639775771
116-66-3437,Arlyn Bawles,09 Del Mar Center,5611519370
711-59-1180,Rosina Pineaux,97779 Cambridge Way,8023345716
616-95-8672,Waly Navarijo,59 Hudson Road,8878031880
552-89-3072,Al Jordanson,19 Graedel Drive,3014281574
251-90-9612,Bendick Wilflinger,72 3rd Road,2667708999
661-25-3653,Giustina Campany,22741 Walton Place,6691749916
631-32-9376,Eloise Bowley,8929 Walton Way,1636585498
729-65-2822,Jeth Dalgetty,14334 Meadow Valley Pass,8324478825
727-83-9522,Alverta Crosswaite,345 Loftsgordon Street,5439916340
231-11-7117,Alene Poluzzi,43 Lakewood Plaza,1654504379
178-03-4809,Lorettalorna Martynikhin,57880 Saint Paul Crossing,2146500973
375-47-1386,Price Feldmus,04676 Rieder Parkway,2647592836
411-88-7865,Aloin Ingon,7248 Ridge Oak Place,4298742769
512-64-3507,Cly Downs,9 Southridge Court,9961460116
858-18-7233,Clerkclaude Willard,03 Thackeray Court,2438002974
580-06-8293,Florance Bodman,72 Fremont Trail,7251698269
434-74-7720,Jessie Romeuf,0066 Helena Road,9655301044
507-24-8686,Calida Tewkesbury.,9570 Cherokee Park,5043149053
880-07-2121,Iolande Hawson,35 Daystar Terrace,7076320236
304-29-6665,Forbes Franks,20995 Bonner Center,9071428100
162-08-9130,Darbee Leavy,83 Sherman Way,7373219264
391-71-5808,Parsifal Finch,88947 Shopko Place,5256610776
336-88-5168,Gerianna Klulicek,6412 Montana Plaza,4262256583
358-93-4808,Miguelita Masey,747 Oxford Center,7047816708
889-89-1590,Ileane Hessel,1 Mccormick Parkway,4085885418
457-37-5549,Theadora Goater,0351 Mosinee Lane,5172268779
222-76-4613,Gracia Daugherty,990 Sachs Plaza,2169216766
535-58-3919,Dory Jeschner,3 Ridgeway Alley,1146310975
448-97-8888,Thain Ruf,9 Barnett Pass,9648047960
305-50-1089,Sharity Cassely,48537 Coolidge Center,7132749285
333-70-9904,Barde Muino,16152 Florence Parkway,9412418441
343-96-2849,Merrili Millmore,6 Granby Crossing,5657140671
475-56-8709,Jo-anne Ledrane,919 West Point,9144078887
587-36-3052,Gun Doughill,140 Sommers Road,1489748263
176-43-6112,Niall Bedburrow,7 Fulton Road,5211321255
806-41-3614,Jdavie Garrat,5968 8th Trail,3059688345
871-64-9643,Kathi Simonot,582 Grasskamp Pass,5488120987
887-04-7739,Nickie Danbrook,1646 Brickson Park Pass,2184589398
240-34-3165,Maxie Skaife,6593 Beilfuss Terrace,9898194395
610-50-8146,Hollis Keaysell,628 Green Ridge Way,1764602851
371-55-8418,Shane Corbridge,9331 Dottie Junction,2191836029
364-79-2189,Raphael Rene,6 Southridge Plaza,6946567897
526-93-3692,Gerard Coultas,415 Russell Trail,8508357926
832-15-7890,Mel Hutchinson,94 Kennedy Alley,6012601693
557-73-7830,Tan Streeting,424 Miller Avenue,2155178596
347-55-9792,Giffy Copp,1 Haas Terrace,5251803920
773-07-0448,Ange MacTimpany,77 Sundown Court,9184693680
640-49-2248,Coleman O'Cridigan,90 Melby Drive,6235801953
167-80-3809,Fannie Este,24 Shasta Park,4463906698
768-59-0140,Ines Finey,1 Melody Terrace,9858152365
201-89-3398,Micky Hansley,4 Bashford Junction,9745848656
235-88-2141,Ariel MacConnal,277 Pawling Park,4492840882
223-18-9927,Christen Jeffray,5 Pond Hill,7045170550
222-24-5662,Tobe Ironside,566 Hermina Crossing,8133018632
807-23-3865,Myrtie Appleby,896 Mallory Point,7097283503
204-89-6136,Toinette Pic,73 Browning Crossing,8267590917
614-24-2932,Sascha Holtham,190 Towne Place,1982221155
784-18-0519,Alameda Kellie,5 Burrows Plaza,5788718635
156-40-7067,Ashlin Klimas,556 Lunder Center,9448932628
799-94-0773,Alicea McCoveney,59 Luster Plaza,3291986543
818-61-4400,Sharl Stoyell,03443 Evergreen Crossing,5098490203
315-77-0716,Jania Ziehms,1 Hudson Pass,8803007494
108-80-9528,Sheree Cornil,7899 Loftsgordon Center,4053332650
691-32-4634,Sallyann Shoebrook,09 Glendale Alley,5686426477
886-35-2771,Geraldine Janzen,567 Milwaukee Way,3743118710
365-27-3233,Hedvig Brandt,34 Fisk Street,1741906451
150-15-9198,Giselle Kimblen,9182 Kim Crossing,9944432029
539-11-6183,Ignacio Fenty,7720 Loomis Terrace,1045110227
406-52-4891,Lauri Pally,5721 Corry Alley,7408813874
618-74-3786,Alexina Ridgers,92787 Bluejay Plaza,5417218311
362-66-6363,Addi Simioli,4317 Bay Avenue,5861422310
434-37-0144,Marylinda Hannigane,824 Hauk Center,3702977233
122-60-0328,Thorny Dowdam,273 Victoria Crossing,7926638632
823-89-3915,Mareah Bushell,1 East Avenue,6973222860
186-60-5344,Reece Rings,7765 Green Drive,8929719787
747-28-8705,Vikky Maase,530 Lighthouse Bay Point,8634011226
586-16-5186,Meredithe Garard,070 Merrick Avenue,7373104764
147-70-7008,Mac Clayworth,88 Mosinee Trail,8191868643
631-90-9968,Vernon Tilmouth,048 Golf Alley,9116154200
786-80-3408,Adina Slowey,90265 Norway Maple Terrace,3051217468
165-88-3175,Elliott Pigeram,07679 Burrows Hill,4992147999
393-52-4173,Carmen Amoore,0353 Pine View Circle,9361993335
635-24-7097,Katrina O'Brien,76863 Thackeray Lane,2271253082
815-08-2733,Alexis Entreis,0 Melrose Place,4756028150
864-88-0804,Cyrus Wintringham,0963 Dovetail Plaza,3974279772
266-90-3443,Rhona Eaglen,1 Dwight Crossing,4286895181
272-89-7169,Nellie Summons,38845 Ridge Oak Center,6975445958
305-75-1884,Ker Gerb,53 Kipling Parkway,1398881402
823-41-6923,Corliss Smead,9 Becker Way,8576867615
476-31-2223,Mendy Coda,500 Corry Lane,1691931006
829-39-3800,Roxy Braundt,65 Schurz Way,8062992875
679-03-5639,Vinson Cage,26 Thierer Way,2355121171
155-02-1301,Essie Blenkiron,8808 Farwell Crossing,5305834141
368-66-8223,Garrott Jobes,58490 Bowman Parkway,6195531165
662-26-5461,Joanie Comberbeach,84 Lien Plaza,4366826182
440-71-8154,Lazare Keneford,7665 Stuart Point,3165530029
714-91-7154,Poppy Froom,10166 Atwood Street,3557480195
767-27-3584,Dina Coats,58 Red Cloud Junction,2271319438
603-92-4090,Garry Corradeschi,4562 Mcbride Junction,2784340881
825-59-2572,Berna Sarver,465 Calypso Plaza,3118258379
888-81-8146,Shanie La Vigne,5 Canary Plaza,4056387487
704-69-1451,Brew Dispencer,62 Tennessee Road,5387956035
655-29-6321,Zahara Findon,63789 Delaware Park,4725927164
617-53-3386,Holly-anne Brockway,1 Butterfield Drive,9524919193
404-16-5587,Millicent Gooderridge,466 Doe Crossing Hill,5277098537
725-91-7396,Hayyim Kilbourne,35 Prairie Rose Terrace,1378763921
138-39-5637,Andros Baggot,42 Goodland Road,1935110552
160-06-7032,Collette Dallow,55 Atwood Place,6439207530
306-24-0924,Eugen Duckers,3637 Barnett Court,3877793638
481-78-1319,Thatcher Filipponi,627 Amoth Plaza,7322418956
429-40-1822,Dee dee Coch,31 Dayton Road,8808773720
440-30-5839,Wernher Brandel,78628 6th Terrace,3632822655
390-72-7853,Reggis Plessing,56488 Summer Ridge Plaza,7604447393
396-98-0862,Job Darell,76228 Reindahl Place,3479356254
630-19-6908,Luci Simionato,061 Charing Cross Terrace,4418026644
358-31-8552,Justina Simunek,176 Sachtjen Lane,5813654625
637-99-0096,Helen Denys,80 Hauk Circle,3236770519
845-03-9387,Fern Braycotton,8619 David Trail,1161266711
338-66-9186,Dierdre Fuente,164 Anthes Lane,2545317762
284-81-5181,Daphna Camis,659 Manitowish Parkway,6956588092
677-35-3763,Lilian Caberas,198 Oak Avenue,3787253103
534-96-6381,Larissa Banyard,487 John Wall Terrace,3143633769
802-07-5293,Neille Tapin,5521 Knutson Street,3374649869
578-12-1409,Had Swinnard,4221 Claremont Avenue,7953292401
798-93-2612,Richardo Helstrom,1691 Spenser Parkway,2692314759
493-66-1429,Sean Leason,41 Crownhardt Parkway,8552476930
791-93-1338,Reinald Galland,78 Beilfuss Terrace,7259105649
101-72-2196,Ciro Hoodless,2393 Portage Crossing,7617513424
617-56-0976,Orton Morrish,5 Cascade Terrace,4996297757
244-36-7122,Quincy Pedrielli,3 Crest Line Street,5986957838
418-57-6352,Zabrina McCracken,6 Havey Way,6922252530
882-74-5873,Padriac Havile,22 Bobwhite Junction,8687228522
737-21-5368,Buddy Farnfield,6739 Jenna Lane,1039860434
446-89-2265,Husain Grinham,607 Cardinal Pass,3704123418
496-08-6905,Laetitia Smalls,98 Pine View Parkway,6796364254
648-59-8290,Netti Ellicombe,5 Kingsford Pass,3475098754
676-84-0785,Malena Gerritzen,95656 Northview Lane,8827297520
327-52-7840,Laverna Cordell,730 Ridge Oak Park,4703208371
217-10-8486,Pinchas Impett,19930 Carey Parkway,5475390754
410-50-5371,Bern Garric,2 Lake View Court,7421494549
549-15-9518,Agnola Espadater,52469 2nd Circle,9677352017
604-87-1050,Nichol Pennycuick,7 Farmco Drive,2478237350
355-57-0485,Glynis Scawen,669 Sommers Drive,4557202821
434-28-6164,Ainslee Blune,25251 Scott Junction,4797418428
790-96-7560,Carmen Frankton,983 Northfield Circle,3747951438
586-89-3975,Sigismondo Alexsandrev,10 Shoshone Drive,7117351233
413-53-6459,Raimondo McMeyler,0944 Bunker Hill Terrace,5937362601
261-55-7551,Myrle Hallum,0 Graceland Terrace,7836854997
314-31-3084,Chanda Saice,66452 Ryan Pass,1191969124
695-88-5106,Hilde Gotthard.sf,18589 Vahlen Road,5492778799
488-75-4738,Brana Corbould,9 Carioca Place,5609712647
853-55-4812,Eddie Cherm,979 Florence Parkway,2354565119
846-36-1913,Daryl McFayden,78 Elka Place,6717107978
181-72-5154,Binky Sterman,3713 Delaware Road,1754849571
370-72-6709,Elva Sweet,1771 Chinook Crossing,3838042767
869-33-6546,Sara Frie,2 West Road,9159568340
688-54-8578,Chaddy Fairlem,5401 Kinsman Park,3623320333
719-59-2010,Dominica Stilliard,64 Del Sol Street,1905171196
270-46-8290,Coriss Slegg,1223 Erie Terrace,4599626874
883-41-5948,Dougy Rappa,4 Ronald Regan Center,9504410579
306-56-7175,Burnard Babonau,827 Jenifer Circle,8637770642
720-96-0178,Goddart Greedyer,323 Brickson Park Terrace,4917146834
208-11-8672,Lauri MacIlriach,20 Schurz Junction,9295905471
269-41-5007,Brennen Gammill,8 Golf View Court,1791376239
698-21-2063,Cherilynn Backhurst,393 Lindbergh Pass,7533930965
287-79-2901,Winni Draisey,98 West Hill,9543987340
414-32-9758,Felita Khrishtafovich,576 Hovde Drive,6078027158
553-53-6327,Charity Dungate,03 Coolidge Point,1229604652
815-73-3997,Genovera Scuffham,147 Marquette Circle,5412896549
526-12-6792,Ron Sangra,5 Barby Parkway,6445186535
550-80-5274,Averil Clemanceau,969 Gerald Court,2673691296
262-60-1639,Darnall Garbert,10259 Anzinger Circle,1629576409
873-27-7801,Derrek Glusby,53702 Portage Avenue,3101420410
652-17-9233,Ursulina Joselovitch,75704 Mesta Junction,4904182070
439-03-9573,Gaelan McCauley,349 Straubel Circle,8066008739
736-57-8692,Noak Vauter,8 Barnett Crossing,4948851883
504-13-4333,Barrie Oleszkiewicz,07 Center Pass,5864221454
187-20-6024,Kasper Wraxall,3 Arrowood Way,7968026755
362-99-9652,Katherina Pechold,5617 Melvin Alley,2403621690
639-39-1474,Cass Philbrick,882 Coolidge Lane,2203777516
753-23-2145,Ailis Matheson,26 Fairview Drive,4767212822
164-57-8050,Amber Garshore,04538 Leroy Avenue,6002167501
600-22-4766,Dev Free,4626 Kropf Crossing,8799168785
570-75-8335,Daile Hickin,49630 Fallview Road,3572974995
688-98-8179,Barde Thorowgood,29752 Main Crossing,8082980813
190-88-5979,Fredric Ayers,23 Hazelcrest Trail,9611755362
559-85-0201,Trish Calveley,57 Ohio Street,2215907397
799-71-5031,Jon Knowler,56377 Shasta Circle,3234551784
568-38-8430,Cassandra Pilpovic,5 Holy Cross Lane,6587032599
594-17-6818,Helaine George,2047 Schurz Avenue,9032295736
745-70-4841,Tuckie Dorrance,27 Spaight Road,1581301898
415-79-3350,Ilaire Rajchert,0244 Lawn Trail,4675696721
831-45-6338,Jo-ann Semark,67 Elka Lane,5507068729
479-43-8744,Edie Worrell,30 Charing Cross Drive,1463925670
263-50-0910,Philomena Tocher,29188 Dunning Crossing,4312332994
719-66-6298,Lanae Raye,5 Hanover Road,7039381899
352-12-8585,Bartholemy Elstow,39735 Meadow Vale Pass,6149026067
778-68-3766,Ewen Sanzio,58 Sugar Park,5284192929
264-02-6829,Jania Crehan,9 Little Fleur Junction,9779267723
171-32-6949,Brett Allgood,99 Surrey Drive,7192770012
224-01-5046,Stephine Waldock,123 Lyons Crossing,2922346139
412-01-9089,Fraze Agronski,99132 Ryan Lane,5847717803
609-53-2909,Manya Baythrop,261 Hagan Alley,9674272334
221-85-4492,Auguste Proppers,169 Bellgrove Way,1038823960
668-14-1348,Coleman Risom,7806 Johnson Junction,8998152687
330-05-6940,Lazar Monteath,26 Burrows Street,6071406228
851-37-9639,Helaine Olifaunt,8105 Corben Hill,2497418610
524-62-8238,Gabie Tomkies,51 Canary Court,5016827860
129-14-7115,Phillie Zannetti,3 Starling Crossing,2497220685
231-17-4183,Annie Augie,3592 Rutledge Center,3232253194
488-32-2633,Deana Lempertz,75529 John Wall Drive,9496432708
468-31-5063,Antonino Eales,2929 Rutledge Parkway,2091620738
210-36-8845,Holly-anne McIlwain,83156 Annamark Point,8792648269
567-48-0493,Horton Tocque,7 Bay Plaza,1637406304
605-92-4469,Lauretta Hargreves,86535 Harbort Way,1633849559
146-85-8316,Washington Tyreman,381 Roth Way,1875514898
107-90-7565,Yehudi Stibbs,64 West Way,7427869797
826-36-5977,Helene Renachowski,25 Kennedy Lane,2254080630
487-45-3264,Trever Meikle,9967 Vera Plaza,3794863350
772-68-0611,Tonye Mantha,168 Daystar Parkway,5998456653
564-06-8061,Vick McLurg,3642 Canary Park,9908688257
735-02-0873,Willi Gittens,4 Magdeline Junction,9303155733
886-53-7757,Ailene Pasterfield,4 Buena Vista Place,8376537256
796-58-5614,Jacquenette Asch,1 Rockefeller Drive,9922428108
292-27-1640,Fernande Muehle,6 Grasskamp Junction,9216237452
626-25-0425,Orelie Haye,4 Northfield Plaza,9491579349
254-89-6721,Amil Pfaff,45854 Tennyson Hill,9334408118
386-67-4074,Flss Pentelow,1 Daystar Road,7109098647
282-46-3834,Oralle Mioni,94168 Monterey Alley,8083461861
585-11-8761,Miner Gillino,658 Prairie Rose Court,1157193711
495-28-3717,Harcourt Brower,0 Pennsylvania Point,5913738100
614-42-5761,Eugine McNeigh,7595 Holy Cross Circle,7864201537
458-83-3807,Artus Waterhouse,7446 Brickson Park Pass,5521398526
651-85-8217,Vivian Risebrow,75260 Mcbride Road,9732615826
793-84-5903,Rogers Holdren,10968 Dwight Plaza,4581346399
417-06-1756,Calida Moens,6253 Comanche Way,5039333455
487-21-9605,Lori Penketh,7 Acker Crossing,3128722917
747-31-0894,Nessi Greason,2977 Eastlawn Street,6208770624
276-49-8178,Genvieve Bazoge,716 Duke Way,6951621600
377-80-3978,Leupold Dashwood,3835 Scott Center,6054217472
658-61-8208,Daisy MacKonochie,1 Karstens Street,9685586725
293-46-6082,Gaston Smissen,6 Riverside Terrace,5161109953
143-86-8376,Maddy Kiddie,55 Blackbird Junction,2291284359
396-17-9459,Edwina Lainton,0 Spaight Park,8153831632
144-71-6371,Adan Nibloe,2155 Miller Street,7106346936
128-01-3887,Andra Main,96 Harper Plaza,7478436026
767-40-2712,Wiatt Pentland,30 Anderson Way,2504452821
361-17-9860,Teodoor Langfat,484 Colorado Circle,8345016594
647-44-0093,Valentine Kay,3 Forster Junction,8648652594
626-14-4287,Shep Levy,1 Continental Way,8934411541
418-68-1150,Layton Newlands,227 Bobwhite Court,7278482580
707-42-0386,Viola Caldecot,65 Elmside Street,8905639755
292-79-4095,Loreen Siggery,8622 Delaware Street,7972213853
623-17-3167,Colly Kiljan,40 Village Green Alley,9727325264
623-17-7247,Sigismundo Dansie,0941 Mockingbird Hill,2556549389
277-69-4144,Jillene Ades,6 North Lane,3873674877
841-10-1748,Lexi Thormwell,70 Golf Course Road,2417977624
760-22-2617,Lewiss Raoux,23803 Hagan Lane,7607961129
487-98-6276,Saraann Kenson,594 2nd Junction,7376055692
429-97-0495,Isahella Litherborough,42200 Mccormick Circle,3844080769
654-23-8935,Algernon Gurney,82 Annamark Road,9638953966
797-63-6482,Barney Outright,830 Crescent Oaks Place,1147334202
222-49-8390,Philippine Lampel,85581 Gale Alley,9781671029
589-78-9228,Bailie Stanistrete,72522 Longview Way,2571725052
701-11-8083,Harper Fison,02 Swallow Circle,3457342196
479-71-5904,Riane Pulsford,1560 Golf Course Terrace,9713403947
308-06-5489,Torrey Byram,22 Fairview Court,7908440810
289-87-4198,Ermengarde Kobpa,94378 Golf View Plaza,8209854150
174-21-6328,Tammy Andreacci,5373 Loeprich Court,7999576676
582-11-6142,Hube Tenman,5 Truax Center,9313059569
824-85-9964,Jeffie Paulino,0 Schurz Court,4237641091
115-11-2465,Abraham Reuble,400 Caliangt Place,8236531098
323-88-4209,Lian Cassley,54662 2nd Plaza,7656398959
699-42-6145,Erl McFie,94615 Sundown Place,1398087666
125-23-8947,Kimble Aulsford,4756 Gulseth Junction,3367498154
623-23-8603,Adria Chaster,11083 Atwood Pass,4472615654
448-48-2681,Griff Panner,85 Buena Vista Crossing,3552967924
645-90-8988,Ruperta Bricknell,2603 Sunbrook Crossing,2673952154
119-26-2628,Lucita Govern,96 Karstens Road,5932273013
510-97-2788,Tomas Cregeen,8 High Crossing Alley,1952275587
848-95-9189,Marie-ann Eidler,77 Muir Drive,6283867330
514-66-6717,Tina Garz,48781 Springs Court,7207000786
156-36-7095,Roanna Foldes,7 Blaine Court,2873204620
552-35-4196,Flint Dinis,698 Erie Circle,4884543456
621-85-4384,Sybila Quibell,5 Mayfield Center,6235875985
313-54-7301,Jolene Barth,3013 Lunder Avenue,9514581739
462-52-6186,Glori Sargint,37009 Shelley Drive,5084791169
190-41-0017,Sydel McInnes,567 Pierstorff Crossing,7226527060
289-83-4714,Munmro Siddens,4 Roth Crossing,8311235652
256-26-0263,Elnore Sive,2503 Namekagon Parkway,6985533063
751-44-6853,Flin Heers,434 Trailsway Drive,2819815377
511-58-3256,Sanders Hurford,52860 Utah Circle,1665769836
596-34-5799,Marion Tremonte,0 Service Circle,1458552799
263-03-9660,Ferdy Frays,71646 Sutherland Trail,2737105896
735-34-9413,Gerhard Kurton,7 Calypso Drive,4629231566
234-82-7226,Hanson Seegar,60 Cody Parkway,5866198674
345-94-0396,Piotr Hardwell,68 Maple Wood Junction,3532606296
876-27-0705,Savina Husselbee,4 Almo Alley,9481600822
817-89-3528,Lorie Whitcombe,75231 Service Trail,7851086782
777-82-1381,Cart O'Corrin,66233 Hollow Ridge Lane,5541304565
456-65-1471,Ivett Espinha,07 Wayridge Junction,7983164808
539-36-5308,Georgeanna Hupe,33950 Birchwood Point,8799960382
292-74-7816,Kalle Crosdill,01 Thackeray Avenue,6165970560
668-81-4159,Eleonore Swadlinge,2157 Corscot Circle,2348142477
396-56-4193,Broderick Mutton,743 Grover Crossing,5907524433
317-36-5317,Fanchon Rapaport,18 Erie Point,8034232314
161-33-7211,Webb Demke,4425 Continental Junction,6307134209
848-41-2969,Galvan Daish,25991 Trailsway Alley,2193045423
609-27-2689,Tessa Dhillon,474 Mcbride Place,8551742836
678-94-5536,Pearce Paxman,5976 School Trail,5766284194
165-84-1649,Garrott Penzer,5 Continental Hill,3304928325
778-27-9568,Godfrey Kilroy,60067 Gale Alley,4305582366
887-13-6471,Valerye Mayworth,9576 2nd Street,6484100916
833-96-0256,Abrahan Cutmere,4 Merrick Center,7839702815
492-75-9059,Boris Ridoutt,10881 Riverside Avenue,7976032751
411-42-7186,Ingelbert Taillard,022 Spohn Circle,6596905039
399-88-6979,Marris Schirach,68934 Fuller Way,4434871219
680-93-7743,Silvain Sherrin,950 Melvin Drive,5674307794
413-58-0423,Lazare Pomfret,61999 Dryden Plaza,2573822146
164-18-2931,Rebecka O'Lenane,24128 Green Ridge Way,7235573203
199-32-9598,Christophorus Goodger,983 Dawn Road,2818333688
478-69-1392,Jule Lisle,7333 Center Trail,1674950074
524-13-7677,Kirsteni Hayer,40 Sachtjen Court,9819926725
797-18-9416,Marjy Vanns,47 Welch Park,6291535629
821-67-5305,Tracee Lindroos,8749 Bluejay Pass,5479705529
585-46-5081,Itch Olive,526 Merry Avenue,2224757930
401-88-2481,Nada Ryder,8 Northport Lane,9581861900
411-84-7479,Koral Trewett,01 6th Alley,7993590249
873-21-8697,Lynda Caras,16 Welch Hill,2047522484
593-16-2639,Jordain Roblin,0 Shasta Alley,2379338072
574-31-3401,Marcela Leither,7294 Magdeline Terrace,4907913629
176-40-7836,Gabriella Finnes,0 Lyons Place,9509497462
262-43-2858,Davina Dinwoodie,9388 Clyde Gallagher Terrace,3327500339
461-25-9767,Avis Sommerling,271 Huxley Plaza,3128991599
231-27-8364,Claudelle Nary,0 Logan Avenue,1537374890
731-91-2436,Hayyim Creboe,0012 International Circle,6394239154
734-59-0615,Klarika Phillipson,733 6th Alley,9556698624
356-62-5221,Emmery Maffione,32 Eliot Junction,2256035192
730-10-1252,Laurie Strattan,7 Mallory Court,1371452046
469-14-8833,Tamarah Grannell,90 Warbler Junction,8762476568
806-26-6452,Bryanty Peterken,442 Holy Cross Park,2733859466
423-18-7937,Winn Giannassi,12321 Pond Point,7645676681
474-88-3834,Toni Canto,00 Dennis Hill,9929769975
858-53-3422,Gualterio Stack,158 Mayer Point,5268871323
834-39-3553,Ignazio Belly,455 Melby Way,5675051710
221-26-9749,Felicia Manhood,50 North Circle,6692733827
772-48-6329,Gearard Maasz,0 Lotheville Park,1481333864
481-36-0135,Levi Winskill,32 Moulton Crossing,5901251694
610-58-0026,Finley Beric,076 Grover Road,5339626495
865-69-1879,Sterling Daugherty,390 Merrick Junction,5134571897
179-86-7469,Rosamond Coxall,119 Transport Junction,6091561209
